"key","label_ko","status","molecules","source","scope_or_reason"
"Fruity|Citrus Fruit|Citrus","시트러스류","pending","","","이 세부 대상의 주요 향기분자를 뒷받침하는 원문 연결이 아직 완료되지 않았습니다. 가공 상태·품종·제품 범위를 확인한 뒤 추가합니다."
"Fruity|Citrus Fruit|Lemon","레몬","pending","","","이 세부 대상의 주요 향기분자를 뒷받침하는 원문 연결이 아직 완료되지 않았습니다. 가공 상태·품종·제품 범위를 확인한 뒤 추가합니다."
"Fruity|Citrus Fruit|Orange","오렌지","pending","","","이 세부 대상의 주요 향기분자를 뒷받침하는 원문 연결이 아직 완료되지 않았습니다. 가공 상태·품종·제품 범위를 확인한 뒤 추가합니다."
"Fruity|Citrus Fruit|Grapefruit","자몽","pending","","","이 세부 대상의 주요 향기분자를 뒷받침하는 원문 연결이 아직 완료되지 않았습니다. 가공 상태·품종·제품 범위를 확인한 뒤 추가합니다."
"Fruity|Citrus Fruit|Lime","라임","pending","","","이 세부 대상의 주요 향기분자를 뒷받침하는 원문 연결이 아직 완료되지 않았습니다. 가공 상태·품종·제품 범위를 확인한 뒤 추가합니다."
"Fruity|Citrus Fruit|Tangerine","귤","pending","","","이 세부 대상의 주요 향기분자를 뒷받침하는 원문 연결이 아직 완료되지 않았습니다. 가공 상태·품종·제품 범위를 확인한 뒤 추가합니다."
"Fruity|Citrus Fruit|Yuzu","유자","pending","","","이 세부 대상의 주요 향기분자를 뒷받침하는 원문 연결이 아직 완료되지 않았습니다. 가공 상태·품종·제품 범위를 확인한 뒤 추가합니다."
"Fruity|Citrus Fruit|Kumquat","금귤","pending","","","이 세부 대상의 주요 향기분자를 뒷받침하는 원문 연결이 아직 완료되지 않았습니다. 가공 상태·품종·제품 범위를 확인한 뒤 추가합니다."
"Fruity|Citrus Fruit|Citron","시트론","pending","","","이 세부 대상의 주요 향기분자를 뒷받침하는 원문 연결이 아직 완료되지 않았습니다. 가공 상태·품종·제품 범위를 확인한 뒤 추가합니다."
"Fruity|Citrus Fruit|Blood Orange","블러드 오렌지","pending","","","이 세부 대상의 주요 향기분자를 뒷받침하는 원문 연결이 아직 완료되지 않았습니다. 가공 상태·품종·제품 범위를 확인한 뒤 추가합니다."
"Fruity|Citrus Fruit|Mandarin","만다린","pending","","","이 세부 대상의 주요 향기분자를 뒷받침하는 원문 연결이 아직 완료되지 않았습니다. 가공 상태·품종·제품 범위를 확인한 뒤 추가합니다."
"Fruity|Citrus Fruit|Pomelo","폼멜로","pending","","","이 세부 대상의 주요 향기분자를 뒷받침하는 원문 연결이 아직 완료되지 않았습니다. 가공 상태·품종·제품 범위를 확인한 뒤 추가합니다."
"Fruity|Citrus Fruit|Key Lime","키라임","pending","","","이 세부 대상의 주요 향기분자를 뒷받침하는 원문 연결이 아직 완료되지 않았습니다. 가공 상태·품종·제품 범위를 확인한 뒤 추가합니다."
"Fruity|Citrus Fruit|Bergamot","베르가못","pending","","","이 세부 대상의 주요 향기분자를 뒷받침하는 원문 연결이 아직 완료되지 않았습니다. 가공 상태·품종·제품 범위를 확인한 뒤 추가합니다."
"Fruity|Other Fruit|Apple","사과","pending","","","이 세부 대상의 주요 향기분자를 뒷받침하는 원문 연결이 아직 완료되지 않았습니다. 가공 상태·품종·제품 범위를 확인한 뒤 추가합니다."
"Fruity|Other Fruit|Green Apple","청사과","pending","","","이 세부 대상의 주요 향기분자를 뒷받침하는 원문 연결이 아직 완료되지 않았습니다. 가공 상태·품종·제품 범위를 확인한 뒤 추가합니다."
"Fruity|Other Fruit|Red Apple","빨간사과","pending","","","이 세부 대상의 주요 향기분자를 뒷받침하는 원문 연결이 아직 완료되지 않았습니다. 가공 상태·품종·제품 범위를 확인한 뒤 추가합니다."
"Fruity|Other Fruit|Pear","배","pending","","","이 세부 대상의 주요 향기분자를 뒷받침하는 원문 연결이 아직 완료되지 않았습니다. 가공 상태·품종·제품 범위를 확인한 뒤 추가합니다."
"Fruity|Other Fruit|Asian Pear","배(동양배)","pending","","","이 세부 대상의 주요 향기분자를 뒷받침하는 원문 연결이 아직 완료되지 않았습니다. 가공 상태·품종·제품 범위를 확인한 뒤 추가합니다."
"Fruity|Other Fruit|Grape","포도","pending","","","이 세부 대상의 주요 향기분자를 뒷받침하는 원문 연결이 아직 완료되지 않았습니다. 가공 상태·품종·제품 범위를 확인한 뒤 추가합니다."
"Fruity|Other Fruit|White Grape","청포도","pending","","","이 세부 대상의 주요 향기분자를 뒷받침하는 원문 연결이 아직 완료되지 않았습니다. 가공 상태·품종·제품 범위를 확인한 뒤 추가합니다."
"Fruity|Other Fruit|Red Grape","적포도","pending","","","이 세부 대상의 주요 향기분자를 뒷받침하는 원문 연결이 아직 완료되지 않았습니다. 가공 상태·품종·제품 범위를 확인한 뒤 추가합니다."
"Fruity|Other Fruit|Kiwi","키위","pending","","","이 세부 대상의 주요 향기분자를 뒷받침하는 원문 연결이 아직 완료되지 않았습니다. 가공 상태·품종·제품 범위를 확인한 뒤 추가합니다."
"Fruity|Other Fruit|Watermelon","수박","pending","","","이 세부 대상의 주요 향기분자를 뒷받침하는 원문 연결이 아직 완료되지 않았습니다. 가공 상태·품종·제품 범위를 확인한 뒤 추가합니다."
"Fruity|Other Fruit|Melon","멜론","pending","","","이 세부 대상의 주요 향기분자를 뒷받침하는 원문 연결이 아직 완료되지 않았습니다. 가공 상태·품종·제품 범위를 확인한 뒤 추가합니다."
"Fruity|Other Fruit|Cantaloupe","캔털롭 멜론","pending","","","이 세부 대상의 주요 향기분자를 뒷받침하는 원문 연결이 아직 완료되지 않았습니다. 가공 상태·품종·제품 범위를 확인한 뒤 추가합니다."
"Fruity|Other Fruit|Honeydew","허니듀 멜론","pending","","","이 세부 대상의 주요 향기분자를 뒷받침하는 원문 연결이 아직 완료되지 않았습니다. 가공 상태·품종·제품 범위를 확인한 뒤 추가합니다."
"Fruity|Other Fruit|Persimmon","감","pending","","","이 세부 대상의 주요 향기분자를 뒷받침하는 원문 연결이 아직 완료되지 않았습니다. 가공 상태·품종·제품 범위를 확인한 뒤 추가합니다."
"Fruity|Other Fruit|Pomegranate","석류","pending","","","이 세부 대상의 주요 향기분자를 뒷받침하는 원문 연결이 아직 완료되지 않았습니다. 가공 상태·품종·제품 범위를 확인한 뒤 추가합니다."
"Fruity|Other Fruit|Quince","마르멜로","pending","","","이 세부 대상의 주요 향기분자를 뒷받침하는 원문 연결이 아직 완료되지 않았습니다. 가공 상태·품종·제품 범위를 확인한 뒤 추가합니다."
"Fruity|Berry|Berry","베리류","pending","","","이 세부 대상의 주요 향기분자를 뒷받침하는 원문 연결이 아직 완료되지 않았습니다. 가공 상태·품종·제품 범위를 확인한 뒤 추가합니다."
"Fruity|Berry|Raspberry","라즈베리","identified","β-Ionone; Linalool; Geraniol","https://doi.org/10.1021/jf0498721","AEDA 결과에서 선택한 주요 성분이며 세 분자 사이의 보편적 기여도 순서는 미확정입니다."
"Fruity|Berry|Strawberry","딸기","identified","Ethyl butanoate; Mesifurane; Ethyl hexanoate","https://doi.org/10.1111/j.1750-3841.2007.00445.x","선택 정량 성분과 냉동 시료 범위의 결과입니다. 다른 주요 성분도 있으며, 품종별 OAV 및 함량 순서는 다릅니다."
"Fruity|Berry|Wild Strawberry","야생 딸기","pending","","","이 세부 대상의 주요 향기분자를 뒷받침하는 원문 연결이 아직 완료되지 않았습니다. 가공 상태·품종·제품 범위를 확인한 뒤 추가합니다."
"Fruity|Berry|Blackberry","블랙베리","pending","","","이 세부 대상의 주요 향기분자를 뒷받침하는 원문 연결이 아직 완료되지 않았습니다. 가공 상태·품종·제품 범위를 확인한 뒤 추가합니다."
"Fruity|Berry|Blueberry","블루베리","pending","","","이 세부 대상의 주요 향기분자를 뒷받침하는 원문 연결이 아직 완료되지 않았습니다. 가공 상태·품종·제품 범위를 확인한 뒤 추가합니다."
"Fruity|Berry|Cranberry","크랜베리","pending","","","이 세부 대상의 주요 향기분자를 뒷받침하는 원문 연결이 아직 완료되지 않았습니다. 가공 상태·품종·제품 범위를 확인한 뒤 추가합니다."
"Fruity|Berry|Acai","아사이베리","pending","","","이 세부 대상의 주요 향기분자를 뒷받침하는 원문 연결이 아직 완료되지 않았습니다. 가공 상태·품종·제품 범위를 확인한 뒤 추가합니다."
"Fruity|Berry|Goji Berry","구기자","pending","","","이 세부 대상의 주요 향기분자를 뒷받침하는 원문 연결이 아직 완료되지 않았습니다. 가공 상태·품종·제품 범위를 확인한 뒤 추가합니다."
"Fruity|Berry|Elderberry","엘더베리","pending","","","이 세부 대상의 주요 향기분자를 뒷받침하는 원문 연결이 아직 완료되지 않았습니다. 가공 상태·품종·제품 범위를 확인한 뒤 추가합니다."
"Fruity|Berry|Boysenberry","보이젠베리","pending","","","이 세부 대상의 주요 향기분자를 뒷받침하는 원문 연결이 아직 완료되지 않았습니다. 가공 상태·품종·제품 범위를 확인한 뒤 추가합니다."
"Fruity|Berry|Currant","커런트","pending","","","이 세부 대상의 주요 향기분자를 뒷받침하는 원문 연결이 아직 완료되지 않았습니다. 가공 상태·품종·제품 범위를 확인한 뒤 추가합니다."
"Fruity|Berry|Black Currant","블랙커런트","pending","","","이 세부 대상의 주요 향기분자를 뒷받침하는 원문 연결이 아직 완료되지 않았습니다. 가공 상태·품종·제품 범위를 확인한 뒤 추가합니다."
"Fruity|Berry|Red Currant","빨간커런트","pending","","","이 세부 대상의 주요 향기분자를 뒷받침하는 원문 연결이 아직 완료되지 않았습니다. 가공 상태·품종·제품 범위를 확인한 뒤 추가합니다."
"Fruity|Berry|Loganberry","로건베리","pending","","","이 세부 대상의 주요 향기분자를 뒷받침하는 원문 연결이 아직 완료되지 않았습니다. 가공 상태·품종·제품 범위를 확인한 뒤 추가합니다."
"Fruity|Berry|Mulberry","오디","pending","","","이 세부 대상의 주요 향기분자를 뒷받침하는 원문 연결이 아직 완료되지 않았습니다. 가공 상태·품종·제품 범위를 확인한 뒤 추가합니다."
"Fruity|Berry|Sea Buckthorn","비타민나무 열매","pending","","","이 세부 대상의 주요 향기분자를 뒷받침하는 원문 연결이 아직 완료되지 않았습니다. 가공 상태·품종·제품 범위를 확인한 뒤 추가합니다."
"Fruity|Berry|Cloudberry","클라우드베리","pending","","","이 세부 대상의 주요 향기분자를 뒷받침하는 원문 연결이 아직 완료되지 않았습니다. 가공 상태·품종·제품 범위를 확인한 뒤 추가합니다."
"Fruity|Berry|Gooseberry","구스베리","pending","","","이 세부 대상의 주요 향기분자를 뒷받침하는 원문 연결이 아직 완료되지 않았습니다. 가공 상태·품종·제품 범위를 확인한 뒤 추가합니다."
"Fruity|Stone Fruit|Stone Fruit","핵과류","pending","","","이 세부 대상의 주요 향기분자를 뒷받침하는 원문 연결이 아직 완료되지 않았습니다. 가공 상태·품종·제품 범위를 확인한 뒤 추가합니다."
"Fruity|Stone Fruit|Peach","복숭아","identified","γ-Decalactone; Hexanal; (R)-(−)-Linalool","https://doi.org/10.1007/s00217-018-3145-x","해당 5품종 범위의 결과입니다. 백도·황도·납작복숭아에 자동 적용하지 않습니다. 원문 세부조건 추가 확인이 필요합니다."
"Fruity|Stone Fruit|White Peach","백도","pending","","","이 세부 대상의 주요 향기분자를 뒷받침하는 원문 연결이 아직 완료되지 않았습니다. 가공 상태·품종·제품 범위를 확인한 뒤 추가합니다."
"Fruity|Stone Fruit|Yellow Peach","황도","pending","","","이 세부 대상의 주요 향기분자를 뒷받침하는 원문 연결이 아직 완료되지 않았습니다. 가공 상태·품종·제품 범위를 확인한 뒤 추가합니다."
"Fruity|Stone Fruit|Donut Peach","도넛 복숭아","pending","","","이 세부 대상의 주요 향기분자를 뒷받침하는 원문 연결이 아직 완료되지 않았습니다. 가공 상태·품종·제품 범위를 확인한 뒤 추가합니다."
"Fruity|Stone Fruit|Apricot","살구","pending","","","이 세부 대상의 주요 향기분자를 뒷받침하는 원문 연결이 아직 완료되지 않았습니다. 가공 상태·품종·제품 범위를 확인한 뒤 추가합니다."
"Fruity|Stone Fruit|Cherry","체리","pending","","","이 세부 대상의 주요 향기분자를 뒷받침하는 원문 연결이 아직 완료되지 않았습니다. 가공 상태·품종·제품 범위를 확인한 뒤 추가합니다."
"Fruity|Stone Fruit|Sweet Cherry","단체리","pending","","","이 세부 대상의 주요 향기분자를 뒷받침하는 원문 연결이 아직 완료되지 않았습니다. 가공 상태·품종·제품 범위를 확인한 뒤 추가합니다."
"Fruity|Stone Fruit|Sour Cherry","신체리","pending","","","이 세부 대상의 주요 향기분자를 뒷받침하는 원문 연결이 아직 완료되지 않았습니다. 가공 상태·품종·제품 범위를 확인한 뒤 추가합니다."
"Fruity|Stone Fruit|Black Cherry","블랙체리","pending","","","이 세부 대상의 주요 향기분자를 뒷받침하는 원문 연결이 아직 완료되지 않았습니다. 가공 상태·품종·제품 범위를 확인한 뒤 추가합니다."
"Fruity|Stone Fruit|Maraschino Cherry","마라스키노 체리","pending","","","이 세부 대상의 주요 향기분자를 뒷받침하는 원문 연결이 아직 완료되지 않았습니다. 가공 상태·품종·제품 범위를 확인한 뒤 추가합니다."
"Fruity|Stone Fruit|Plum","자두","pending","","","이 세부 대상의 주요 향기분자를 뒷받침하는 원문 연결이 아직 완료되지 않았습니다. 가공 상태·품종·제품 범위를 확인한 뒤 추가합니다."
"Fruity|Stone Fruit|Red Plum","빨간자두","pending","","","이 세부 대상의 주요 향기분자를 뒷받침하는 원문 연결이 아직 완료되지 않았습니다. 가공 상태·품종·제품 범위를 확인한 뒤 추가합니다."
"Fruity|Stone Fruit|Yellow Plum","노란자두","pending","","","이 세부 대상의 주요 향기분자를 뒷받침하는 원문 연결이 아직 완료되지 않았습니다. 가공 상태·품종·제품 범위를 확인한 뒤 추가합니다."
"Fruity|Stone Fruit|Damson Plum","담슨 자두","pending","","","이 세부 대상의 주요 향기분자를 뒷받침하는 원문 연결이 아직 완료되지 않았습니다. 가공 상태·품종·제품 범위를 확인한 뒤 추가합니다."
"Fruity|Stone Fruit|Nectarine","넥타린","pending","","","이 세부 대상의 주요 향기분자를 뒷받침하는 원문 연결이 아직 완료되지 않았습니다. 가공 상태·품종·제품 범위를 확인한 뒤 추가합니다."
"Fruity|Stone Fruit|White Nectarine","백넥타린","pending","","","이 세부 대상의 주요 향기분자를 뒷받침하는 원문 연결이 아직 완료되지 않았습니다. 가공 상태·품종·제품 범위를 확인한 뒤 추가합니다."
"Fruity|Stone Fruit|Loquat","비파","pending","","","이 세부 대상의 주요 향기분자를 뒷받침하는 원문 연결이 아직 완료되지 않았습니다. 가공 상태·품종·제품 범위를 확인한 뒤 추가합니다."
"Fruity|Tropical Fruit|Tropical Fruit","열대과일류","pending","","","이 세부 대상의 주요 향기분자를 뒷받침하는 원문 연결이 아직 완료되지 않았습니다. 가공 상태·품종·제품 범위를 확인한 뒤 추가합니다."
"Fruity|Tropical Fruit|Pineapple","파인애플","ranked","Furaneol (HDF); Ethyl 2-methylpropanoate; Ethyl 2-methylbutanoate","https://doi.org/10.1271/bbb.69.1323","이 품종·시료의 선택 정량 12종 내 순서입니다. 모든 파인애플이나 건조·구운 파인애플에 적용하지 않습니다."
"Fruity|Tropical Fruit|Fresh Pineapple","신선한 파인애플","ranked","Furaneol (HDF); Ethyl 2-methylpropanoate; Ethyl 2-methylbutanoate","https://doi.org/10.1271/bbb.69.1323","이 품종·시료의 선택 정량 12종 내 순서입니다. 모든 파인애플이나 건조·구운 파인애플에 적용하지 않습니다."
"Fruity|Tropical Fruit|Grilled Pineapple","구운 파인애플","pending","","","이 세부 대상의 주요 향기분자를 뒷받침하는 원문 연결이 아직 완료되지 않았습니다. 가공 상태·품종·제품 범위를 확인한 뒤 추가합니다."
"Fruity|Tropical Fruit|Coconut","코코넛","pending","","","이 세부 대상의 주요 향기분자를 뒷받침하는 원문 연결이 아직 완료되지 않았습니다. 가공 상태·품종·제품 범위를 확인한 뒤 추가합니다."
"Fruity|Tropical Fruit|Young Coconut","어린 코코넛","pending","","","이 세부 대상의 주요 향기분자를 뒷받침하는 원문 연결이 아직 완료되지 않았습니다. 가공 상태·품종·제품 범위를 확인한 뒤 추가합니다."
"Fruity|Tropical Fruit|Passion Fruit","패션프룻","pending","","","이 세부 대상의 주요 향기분자를 뒷받침하는 원문 연결이 아직 완료되지 않았습니다. 가공 상태·품종·제품 범위를 확인한 뒤 추가합니다."
"Fruity|Tropical Fruit|Guava","구아바","pending","","","이 세부 대상의 주요 향기분자를 뒷받침하는 원문 연결이 아직 완료되지 않았습니다. 가공 상태·품종·제품 범위를 확인한 뒤 추가합니다."
"Fruity|Tropical Fruit|Pink Guava","핑크 구아바","pending","","","이 세부 대상의 주요 향기분자를 뒷받침하는 원문 연결이 아직 완료되지 않았습니다. 가공 상태·품종·제품 범위를 확인한 뒤 추가합니다."
"Fruity|Tropical Fruit|White Guava","화이트 구아바","pending","","","이 세부 대상의 주요 향기분자를 뒷받침하는 원문 연결이 아직 완료되지 않았습니다. 가공 상태·품종·제품 범위를 확인한 뒤 추가합니다."
"Fruity|Tropical Fruit|Banana","바나나","pending","","","이 세부 대상의 주요 향기분자를 뒷받침하는 원문 연결이 아직 완료되지 않았습니다. 가공 상태·품종·제품 범위를 확인한 뒤 추가합니다."
"Fruity|Tropical Fruit|Ripe Banana","익은 바나나","pending","","","이 세부 대상의 주요 향기분자를 뒷받침하는 원문 연결이 아직 완료되지 않았습니다. 가공 상태·품종·제품 범위를 확인한 뒤 추가합니다."
"Fruity|Tropical Fruit|Green Banana","덜 익은 바나나","pending","","","이 세부 대상의 주요 향기분자를 뒷받침하는 원문 연결이 아직 완료되지 않았습니다. 가공 상태·품종·제품 범위를 확인한 뒤 추가합니다."
"Fruity|Tropical Fruit|Mango","망고","pending","","","이 세부 대상의 주요 향기분자를 뒷받침하는 원문 연결이 아직 완료되지 않았습니다. 가공 상태·품종·제품 범위를 확인한 뒤 추가합니다."
"Fruity|Tropical Fruit|Ripe Mango","익은 망고","pending","","","이 세부 대상의 주요 향기분자를 뒷받침하는 원문 연결이 아직 완료되지 않았습니다. 가공 상태·품종·제품 범위를 확인한 뒤 추가합니다."
"Fruity|Tropical Fruit|Green Mango","풋망고","pending","","","이 세부 대상의 주요 향기분자를 뒷받침하는 원문 연결이 아직 완료되지 않았습니다. 가공 상태·품종·제품 범위를 확인한 뒤 추가합니다."
"Fruity|Tropical Fruit|Lychee","리치","pending","","","이 세부 대상의 주요 향기분자를 뒷받침하는 원문 연결이 아직 완료되지 않았습니다. 가공 상태·품종·제품 범위를 확인한 뒤 추가합니다."
"Fruity|Tropical Fruit|Star Fruit","스타프룻","pending","","","이 세부 대상의 주요 향기분자를 뒷받침하는 원문 연결이 아직 완료되지 않았습니다. 가공 상태·품종·제품 범위를 확인한 뒤 추가합니다."
"Fruity|Tropical Fruit|Papaya","파파야","pending","","","이 세부 대상의 주요 향기분자를 뒷받침하는 원문 연결이 아직 완료되지 않았습니다. 가공 상태·품종·제품 범위를 확인한 뒤 추가합니다."
"Fruity|Tropical Fruit|Dragon Fruit","용과","pending","","","이 세부 대상의 주요 향기분자를 뒷받침하는 원문 연결이 아직 완료되지 않았습니다. 가공 상태·품종·제품 범위를 확인한 뒤 추가합니다."
"Fruity|Tropical Fruit|Jackfruit","잭프룻","pending","","","이 세부 대상의 주요 향기분자를 뒷받침하는 원문 연결이 아직 완료되지 않았습니다. 가공 상태·품종·제품 범위를 확인한 뒤 추가합니다."
"Fruity|Tropical Fruit|Kiwano","키와노","pending","","","이 세부 대상의 주요 향기분자를 뒷받침하는 원문 연결이 아직 완료되지 않았습니다. 가공 상태·품종·제품 범위를 확인한 뒤 추가합니다."
"Fruity|Tropical Fruit|Durian","두리안","pending","","","이 세부 대상의 주요 향기분자를 뒷받침하는 원문 연결이 아직 완료되지 않았습니다. 가공 상태·품종·제품 범위를 확인한 뒤 추가합니다."
"Fruity|Tropical Fruit|Longan","용안","pending","","","이 세부 대상의 주요 향기분자를 뒷받침하는 원문 연결이 아직 완료되지 않았습니다. 가공 상태·품종·제품 범위를 확인한 뒤 추가합니다."
"Fruity|Tropical Fruit|Mangosteen","망고스틴","pending","","","이 세부 대상의 주요 향기분자를 뒷받침하는 원문 연결이 아직 완료되지 않았습니다. 가공 상태·품종·제품 범위를 확인한 뒤 추가합니다."
"Fruity|Tropical Fruit|Rambutan","람부탄","pending","","","이 세부 대상의 주요 향기분자를 뒷받침하는 원문 연결이 아직 완료되지 않았습니다. 가공 상태·품종·제품 범위를 확인한 뒤 추가합니다."
"Fruity|Tropical Fruit|Soursop","사워삽","pending","","","이 세부 대상의 주요 향기분자를 뒷받침하는 원문 연결이 아직 완료되지 않았습니다. 가공 상태·품종·제품 범위를 확인한 뒤 추가합니다."
"Fruity|Tropical Fruit|Breadfruit","브레드프룻","pending","","","이 세부 대상의 주요 향기분자를 뒷받침하는 원문 연결이 아직 완료되지 않았습니다. 가공 상태·품종·제품 범위를 확인한 뒤 추가합니다."
"Fruity|Tropical Fruit|Feijoa","페이조아","pending","","","이 세부 대상의 주요 향기분자를 뒷받침하는 원문 연결이 아직 완료되지 않았습니다. 가공 상태·품종·제품 범위를 확인한 뒤 추가합니다."
"Fruity|Tropical Fruit|Cherimoya","체리모야","pending","","","이 세부 대상의 주요 향기분자를 뒷받침하는 원문 연결이 아직 완료되지 않았습니다. 가공 상태·품종·제품 범위를 확인한 뒤 추가합니다."
"Fruity|Dried Fruit|Raisin","건포도","pending","","","이 세부 대상의 주요 향기분자를 뒷받침하는 원문 연결이 아직 완료되지 않았습니다. 가공 상태·품종·제품 범위를 확인한 뒤 추가합니다."
"Fruity|Dried Fruit|Golden Raisin","골든 건포도","pending","","","이 세부 대상의 주요 향기분자를 뒷받침하는 원문 연결이 아직 완료되지 않았습니다. 가공 상태·품종·제품 범위를 확인한 뒤 추가합니다."
"Fruity|Dried Fruit|Sultana","술타나","pending","","","이 세부 대상의 주요 향기분자를 뒷받침하는 원문 연결이 아직 완료되지 않았습니다. 가공 상태·품종·제품 범위를 확인한 뒤 추가합니다."
"Fruity|Dried Fruit|Prune","자두말린것","pending","","","이 세부 대상의 주요 향기분자를 뒷받침하는 원문 연결이 아직 완료되지 않았습니다. 가공 상태·품종·제품 범위를 확인한 뒤 추가합니다."
"Fruity|Dried Fruit|Fig","무화과","pending","","","이 세부 대상의 주요 향기분자를 뒷받침하는 원문 연결이 아직 완료되지 않았습니다. 가공 상태·품종·제품 범위를 확인한 뒤 추가합니다."
"Fruity|Dried Fruit|Date","대추야자","pending","","","이 세부 대상의 주요 향기분자를 뒷받침하는 원문 연결이 아직 완료되지 않았습니다. 가공 상태·품종·제품 범위를 확인한 뒤 추가합니다."
"Fruity|Dried Fruit|Medjool Date","메드줄 대추","pending","","","이 세부 대상의 주요 향기분자를 뒷받침하는 원문 연결이 아직 완료되지 않았습니다. 가공 상태·품종·제품 범위를 확인한 뒤 추가합니다."
"Fruity|Dried Fruit|Dried Apple","말린사과","pending","","","이 세부 대상의 주요 향기분자를 뒷받침하는 원문 연결이 아직 완료되지 않았습니다. 가공 상태·품종·제품 범위를 확인한 뒤 추가합니다."
"Fruity|Dried Fruit|Dried Cherry","말린체리","pending","","","이 세부 대상의 주요 향기분자를 뒷받침하는 원문 연결이 아직 완료되지 않았습니다. 가공 상태·품종·제품 범위를 확인한 뒤 추가합니다."
"Fruity|Dried Fruit|Dried Apricot","말린살구","pending","","","이 세부 대상의 주요 향기분자를 뒷받침하는 원문 연결이 아직 완료되지 않았습니다. 가공 상태·품종·제품 범위를 확인한 뒤 추가합니다."
"Fruity|Dried Fruit|Dried Mango","말린망고","pending","","","이 세부 대상의 주요 향기분자를 뒷받침하는 원문 연결이 아직 완료되지 않았습니다. 가공 상태·품종·제품 범위를 확인한 뒤 추가합니다."
"Fruity|Dried Fruit|Dried Cranberry","말린크랜베리","pending","","","이 세부 대상의 주요 향기분자를 뒷받침하는 원문 연결이 아직 완료되지 않았습니다. 가공 상태·품종·제품 범위를 확인한 뒤 추가합니다."
"Fruity|Dried Fruit|Dried Blueberry","말린블루베리","pending","","","이 세부 대상의 주요 향기분자를 뒷받침하는 원문 연결이 아직 완료되지 않았습니다. 가공 상태·품종·제품 범위를 확인한 뒤 추가합니다."
"Fruity|Dried Fruit|Dried Banana","바나나칩","pending","","","이 세부 대상의 주요 향기분자를 뒷받침하는 원문 연결이 아직 완료되지 않았습니다. 가공 상태·품종·제품 범위를 확인한 뒤 추가합니다."
"Fruity|Dried Fruit|Dried Pineapple","말린파인애플","pending","","","이 세부 대상의 주요 향기분자를 뒷받침하는 원문 연결이 아직 완료되지 않았습니다. 가공 상태·품종·제품 범위를 확인한 뒤 추가합니다."
"Sweet|Brown Sugar|Raw Sugar","원당","pending","","","이 세부 대상의 주요 향기분자를 뒷받침하는 원문 연결이 아직 완료되지 않았습니다. 가공 상태·품종·제품 범위를 확인한 뒤 추가합니다."
"Sweet|Brown Sugar|Muscovado","무스코바도","pending","","","이 세부 대상의 주요 향기분자를 뒷받침하는 원문 연결이 아직 완료되지 않았습니다. 가공 상태·품종·제품 범위를 확인한 뒤 추가합니다."
"Sweet|Brown Sugar|Demerara","데메라라","pending","","","이 세부 대상의 주요 향기분자를 뒷받침하는 원문 연결이 아직 완료되지 않았습니다. 가공 상태·품종·제품 범위를 확인한 뒤 추가합니다."
"Sweet|Brown Sugar|Turbinado","터비나도","pending","","","이 세부 대상의 주요 향기분자를 뒷받침하는 원문 연결이 아직 완료되지 않았습니다. 가공 상태·품종·제품 범위를 확인한 뒤 추가합니다."
"Sweet|Brown Sugar|Brown Sugar","흑설탕","pending","","","이 세부 대상의 주요 향기분자를 뒷받침하는 원문 연결이 아직 완료되지 않았습니다. 가공 상태·품종·제품 범위를 확인한 뒤 추가합니다."
"Sweet|Caramelized|Caramel","캐러멜","pending","","","이 세부 대상의 주요 향기분자를 뒷받침하는 원문 연결이 아직 완료되지 않았습니다. 가공 상태·품종·제품 범위를 확인한 뒤 추가합니다."
"Sweet|Caramelized|Toffee","토피","pending","","","이 세부 대상의 주요 향기분자를 뒷받침하는 원문 연결이 아직 완료되지 않았습니다. 가공 상태·품종·제품 범위를 확인한 뒤 추가합니다."
"Sweet|Caramelized|Butterscotch","버터스카치","pending","","","이 세부 대상의 주요 향기분자를 뒷받침하는 원문 연결이 아직 완료되지 않았습니다. 가공 상태·품종·제품 범위를 확인한 뒤 추가합니다."
"Sweet|Caramelized|Burnt Sugar","탄설탕","pending","","","이 세부 대상의 주요 향기분자를 뒷받침하는 원문 연결이 아직 완료되지 않았습니다. 가공 상태·품종·제품 범위를 확인한 뒤 추가합니다."
"Sweet|Vanilla|Honey","꿀","pending","","","이 세부 대상의 주요 향기분자를 뒷받침하는 원문 연결이 아직 완료되지 않았습니다. 가공 상태·품종·제품 범위를 확인한 뒤 추가합니다."
"Sweet|Vanilla|Wildflower Honey","야생화꿀","pending","","","이 세부 대상의 주요 향기분자를 뒷받침하는 원문 연결이 아직 완료되지 않았습니다. 가공 상태·품종·제품 범위를 확인한 뒤 추가합니다."
"Sweet|Vanilla|Acacia Honey","아카시아꿀","pending","","","이 세부 대상의 주요 향기분자를 뒷받침하는 원문 연결이 아직 완료되지 않았습니다. 가공 상태·품종·제품 범위를 확인한 뒤 추가합니다."
"Sweet|Vanilla|Vanilla","바닐라","pending","","","이 세부 대상의 주요 향기분자를 뒷받침하는 원문 연결이 아직 완료되지 않았습니다. 가공 상태·품종·제품 범위를 확인한 뒤 추가합니다."
"Sweet|Vanilla|Vanilla Bean","바닐라빈","pending","","","이 세부 대상의 주요 향기분자를 뒷받침하는 원문 연결이 아직 완료되지 않았습니다. 가공 상태·품종·제품 범위를 확인한 뒤 추가합니다."
"Sweet|Vanilla|Custard","커스터드","pending","","","이 세부 대상의 주요 향기분자를 뒷받침하는 원문 연결이 아직 완료되지 않았습니다. 가공 상태·품종·제품 범위를 확인한 뒤 추가합니다."
"Sweet|Vanilla|Cream","크림","pending","","","이 세부 대상의 주요 향기분자를 뒷받침하는 원문 연결이 아직 완료되지 않았습니다. 가공 상태·품종·제품 범위를 확인한 뒤 추가합니다."
"Sweet|Molasses|Maple Syrup","메이플시럽","pending","","","이 세부 대상의 주요 향기분자를 뒷받침하는 원문 연결이 아직 완료되지 않았습니다. 가공 상태·품종·제품 범위를 확인한 뒤 추가합니다."
"Sweet|Molasses|Molasses","당밀","pending","","","이 세부 대상의 주요 향기분자를 뒷받침하는 원문 연결이 아직 완료되지 않았습니다. 가공 상태·품종·제품 범위를 확인한 뒤 추가합니다."
"Sweet|Molasses|Black Treacle","블랙트리클","pending","","","이 세부 대상의 주요 향기분자를 뒷받침하는 원문 연결이 아직 완료되지 않았습니다. 가공 상태·품종·제품 범위를 확인한 뒤 추가합니다."
"Sweet|Molasses|Golden Syrup","골든시럽","pending","","","이 세부 대상의 주요 향기분자를 뒷받침하는 원문 연결이 아직 완료되지 않았습니다. 가공 상태·품종·제품 범위를 확인한 뒤 추가합니다."
"Sweet|Molasses|Palm Sugar","야자설탕","pending","","","이 세부 대상의 주요 향기분자를 뒷받침하는 원문 연결이 아직 완료되지 않았습니다. 가공 상태·품종·제품 범위를 확인한 뒤 추가합니다."
"Sweet|Confectionery|Rock Sugar","돌설탕","pending","","","이 세부 대상의 주요 향기분자를 뒷받침하는 원문 연결이 아직 완료되지 않았습니다. 가공 상태·품종·제품 범위를 확인한 뒤 추가합니다."
"Sweet|Confectionery|Condensed Milk","연유","pending","","","이 세부 대상의 주요 향기분자를 뒷받침하는 원문 연결이 아직 완료되지 않았습니다. 가공 상태·품종·제품 범위를 확인한 뒤 추가합니다."
"Sweet|Confectionery|White Chocolate","화이트초콜릿","pending","","","이 세부 대상의 주요 향기분자를 뒷받침하는 원문 연결이 아직 완료되지 않았습니다. 가공 상태·품종·제품 범위를 확인한 뒤 추가합니다."
"Sweet|Confectionery|Marshmallow","마시멜로","pending","","","이 세부 대상의 주요 향기분자를 뒷받침하는 원문 연결이 아직 완료되지 않았습니다. 가공 상태·품종·제품 범위를 확인한 뒤 추가합니다."
"Sweet|Confectionery|Cotton Candy","솜사탕","pending","","","이 세부 대상의 주요 향기분자를 뒷받침하는 원문 연결이 아직 완료되지 않았습니다. 가공 상태·품종·제품 범위를 확인한 뒤 추가합니다."
"Sweet|Confectionery|Maple Candy","메이플캔디","pending","","","이 세부 대상의 주요 향기분자를 뒷받침하는 원문 연결이 아직 완료되지 않았습니다. 가공 상태·품종·제품 범위를 확인한 뒤 추가합니다."
"Sweet|Confectionery|Caramel Fudge","캐러멜 퍼지","pending","","","이 세부 대상의 주요 향기분자를 뒷받침하는 원문 연결이 아직 완료되지 않았습니다. 가공 상태·품종·제품 범위를 확인한 뒤 추가합니다."
"Floral|General Flowers|Flower","꽃","pending","","","이 세부 대상의 주요 향기분자를 뒷받침하는 원문 연결이 아직 완료되지 않았습니다. 가공 상태·품종·제품 범위를 확인한 뒤 추가합니다."
"Floral|White Flowers|White Flower","흰꽃","pending","","","이 세부 대상의 주요 향기분자를 뒷받침하는 원문 연결이 아직 완료되지 않았습니다. 가공 상태·품종·제품 범위를 확인한 뒤 추가합니다."
"Floral|White Flowers|Jasmine","자스민","pending","","","이 세부 대상의 주요 향기분자를 뒷받침하는 원문 연결이 아직 완료되지 않았습니다. 가공 상태·품종·제품 범위를 확인한 뒤 추가합니다."
"Floral|White Flowers|Orange Blossom","오렌지꽃","pending","","","이 세부 대상의 주요 향기분자를 뒷받침하는 원문 연결이 아직 완료되지 않았습니다. 가공 상태·품종·제품 범위를 확인한 뒤 추가합니다."
"Floral|White Flowers|Elderflower","엘더플라워","pending","","","이 세부 대상의 주요 향기분자를 뒷받침하는 원문 연결이 아직 완료되지 않았습니다. 가공 상태·품종·제품 범위를 확인한 뒤 추가합니다."
"Floral|White Flowers|Magnolia","목련","pending","","","이 세부 대상의 주요 향기분자를 뒷받침하는 원문 연결이 아직 완료되지 않았습니다. 가공 상태·품종·제품 범위를 확인한 뒤 추가합니다."
"Floral|White Flowers|Lily","백합","pending","","","이 세부 대상의 주요 향기분자를 뒷받침하는 원문 연결이 아직 완료되지 않았습니다. 가공 상태·품종·제품 범위를 확인한 뒤 추가합니다."
"Floral|White Flowers|Gardenia","치자꽃","pending","","","이 세부 대상의 주요 향기분자를 뒷받침하는 원문 연결이 아직 완료되지 않았습니다. 가공 상태·품종·제품 범위를 확인한 뒤 추가합니다."
"Floral|White Flowers|Coffee Blossom","커피꽃","pending","","","이 세부 대상의 주요 향기분자를 뒷받침하는 원문 연결이 아직 완료되지 않았습니다. 가공 상태·품종·제품 범위를 확인한 뒤 추가합니다."
"Floral|Colored Flowers|Rose","장미","identified","2-Phenylethanol; Citronellol; Geraniol","https://doi.org/10.1016/j.jfda.2016.02.013","추출물에 한정된 주요 성분 예시입니다. 장미 색상·품종별 보편적인 상위 3종을 뜻하지 않습니다."
"Floral|Colored Flowers|Red Rose","빨간장미","pending","","","이 세부 대상의 주요 향기분자를 뒷받침하는 원문 연결이 아직 완료되지 않았습니다. 가공 상태·품종·제품 범위를 확인한 뒤 추가합니다."
"Floral|Colored Flowers|Pink Rose","핑크장미","pending","","","이 세부 대상의 주요 향기분자를 뒷받침하는 원문 연결이 아직 완료되지 않았습니다. 가공 상태·품종·제품 범위를 확인한 뒤 추가합니다."
"Floral|Colored Flowers|Hibiscus","히비스커스","pending","","","이 세부 대상의 주요 향기분자를 뒷받침하는 원문 연결이 아직 완료되지 않았습니다. 가공 상태·품종·제품 범위를 확인한 뒤 추가합니다."
"Floral|Colored Flowers|Lavender","라벤더","pending","","","이 세부 대상의 주요 향기분자를 뒷받침하는 원문 연결이 아직 완료되지 않았습니다. 가공 상태·품종·제품 범위를 확인한 뒤 추가합니다."
"Floral|Colored Flowers|Violet","제비꽃","pending","","","이 세부 대상의 주요 향기분자를 뒷받침하는 원문 연결이 아직 완료되지 않았습니다. 가공 상태·품종·제품 범위를 확인한 뒤 추가합니다."
"Floral|Colored Flowers|Cherry Blossom","벚꽃","pending","","","이 세부 대상의 주요 향기분자를 뒷받침하는 원문 연결이 아직 완료되지 않았습니다. 가공 상태·품종·제품 범위를 확인한 뒤 추가합니다."
"Floral|Colored Flowers|Orchid","난꽃","pending","","","이 세부 대상의 주요 향기분자를 뒷받침하는 원문 연결이 아직 완료되지 않았습니다. 가공 상태·품종·제품 범위를 확인한 뒤 추가합니다."
"Floral|Colored Flowers|Geranium","제라늄","pending","","","이 세부 대상의 주요 향기분자를 뒷받침하는 원문 연결이 아직 완료되지 않았습니다. 가공 상태·품종·제품 범위를 확인한 뒤 추가합니다."
"Floral|Colored Flowers|Freesia","프리지아","pending","","","이 세부 대상의 주요 향기분자를 뒷받침하는 원문 연결이 아직 완료되지 않았습니다. 가공 상태·품종·제품 범위를 확인한 뒤 추가합니다."
"Floral|Colored Flowers|Peony","모란","pending","","","이 세부 대상의 주요 향기분자를 뒷받침하는 원문 연결이 아직 완료되지 않았습니다. 가공 상태·품종·제품 범위를 확인한 뒤 추가합니다."
"Floral|Colored Flowers|Lotus","연꽃","pending","","","이 세부 대상의 주요 향기분자를 뒷받침하는 원문 연결이 아직 완료되지 않았습니다. 가공 상태·품종·제품 범위를 확인한 뒤 추가합니다."
"Floral|Colored Flowers|Lilac","라일락","pending","","","이 세부 대상의 주요 향기분자를 뒷받침하는 원문 연결이 아직 완료되지 않았습니다. 가공 상태·품종·제품 범위를 확인한 뒤 추가합니다."
"Floral|Colored Flowers|Iris","아이리스","pending","","","이 세부 대상의 주요 향기분자를 뒷받침하는 원문 연결이 아직 완료되지 않았습니다. 가공 상태·품종·제품 범위를 확인한 뒤 추가합니다."
"Floral|Colored Flowers|Wisteria","등나무꽃","pending","","","이 세부 대상의 주요 향기분자를 뒷받침하는 원문 연결이 아직 완료되지 않았습니다. 가공 상태·품종·제품 범위를 확인한 뒤 추가합니다."
"Floral|Colored Flowers|Daffodil","수선화","pending","","","이 세부 대상의 주요 향기분자를 뒷받침하는 원문 연결이 아직 완료되지 않았습니다. 가공 상태·품종·제품 범위를 확인한 뒤 추가합니다."
"Floral|Herbal Flowers|Chamomile","카모마일","pending","","","이 세부 대상의 주요 향기분자를 뒷받침하는 원문 연결이 아직 완료되지 않았습니다. 가공 상태·품종·제품 범위를 확인한 뒤 추가합니다."
"Floral|Herbal Flowers|Honeysuckle","인동덩굴","pending","","","이 세부 대상의 주요 향기분자를 뒷받침하는 원문 연결이 아직 완료되지 않았습니다. 가공 상태·품종·제품 범위를 확인한 뒤 추가합니다."
"Floral|Herbal Flowers|Osmanthus","계수나무","pending","","","이 세부 대상의 주요 향기분자를 뒷받침하는 원문 연결이 아직 완료되지 않았습니다. 가공 상태·품종·제품 범위를 확인한 뒤 추가합니다."
"Nutty/Cocoa|Tree Nuts|Almond","아몬드","pending","","","이 세부 대상의 주요 향기분자를 뒷받침하는 원문 연결이 아직 완료되지 않았습니다. 가공 상태·품종·제품 범위를 확인한 뒤 추가합니다."
"Nutty/Cocoa|Tree Nuts|Sweet Almond","단아몬드","pending","","","이 세부 대상의 주요 향기분자를 뒷받침하는 원문 연결이 아직 완료되지 않았습니다. 가공 상태·품종·제품 범위를 확인한 뒤 추가합니다."
"Nutty/Cocoa|Tree Nuts|Bitter Almond","쓴아몬드","pending","","","이 세부 대상의 주요 향기분자를 뒷받침하는 원문 연결이 아직 완료되지 않았습니다. 가공 상태·품종·제품 범위를 확인한 뒤 추가합니다."
"Nutty/Cocoa|Tree Nuts|Hazelnut","헤이즐넛","pending","","","이 세부 대상의 주요 향기분자를 뒷받침하는 원문 연결이 아직 완료되지 않았습니다. 가공 상태·품종·제품 범위를 확인한 뒤 추가합니다."
"Nutty/Cocoa|Tree Nuts|Roasted Hazelnut","구운 헤이즐넛","pending","","","이 세부 대상의 주요 향기분자를 뒷받침하는 원문 연결이 아직 완료되지 않았습니다. 가공 상태·품종·제품 범위를 확인한 뒤 추가합니다."
"Nutty/Cocoa|Tree Nuts|Walnut","호두","pending","","","이 세부 대상의 주요 향기분자를 뒷받침하는 원문 연결이 아직 완료되지 않았습니다. 가공 상태·품종·제품 범위를 확인한 뒤 추가합니다."
"Nutty/Cocoa|Tree Nuts|Black Walnut","검은호두","pending","","","이 세부 대상의 주요 향기분자를 뒷받침하는 원문 연결이 아직 완료되지 않았습니다. 가공 상태·품종·제품 범위를 확인한 뒤 추가합니다."
"Nutty/Cocoa|Tree Nuts|Pecan","피칸","pending","","","이 세부 대상의 주요 향기분자를 뒷받침하는 원문 연결이 아직 완료되지 않았습니다. 가공 상태·품종·제품 범위를 확인한 뒤 추가합니다."
"Nutty/Cocoa|Tree Nuts|Macadamia","마카다미아","pending","","","이 세부 대상의 주요 향기분자를 뒷받침하는 원문 연결이 아직 완료되지 않았습니다. 가공 상태·품종·제품 범위를 확인한 뒤 추가합니다."
"Nutty/Cocoa|Tree Nuts|Cashew","캐슈넛","pending","","","이 세부 대상의 주요 향기분자를 뒷받침하는 원문 연결이 아직 완료되지 않았습니다. 가공 상태·품종·제품 범위를 확인한 뒤 추가합니다."
"Nutty/Cocoa|Tree Nuts|Pistachio","피스타치오","pending","","","이 세부 대상의 주요 향기분자를 뒷받침하는 원문 연결이 아직 완료되지 않았습니다. 가공 상태·품종·제품 범위를 확인한 뒤 추가합니다."
"Nutty/Cocoa|Tree Nuts|Brazilian Nut","브라질너트","pending","","","이 세부 대상의 주요 향기분자를 뒷받침하는 원문 연결이 아직 완료되지 않았습니다. 가공 상태·품종·제품 범위를 확인한 뒤 추가합니다."
"Nutty/Cocoa|Tree Nuts|Chestnut","밤","pending","","","이 세부 대상의 주요 향기분자를 뒷받침하는 원문 연결이 아직 완료되지 않았습니다. 가공 상태·품종·제품 범위를 확인한 뒤 추가합니다."
"Nutty/Cocoa|Tree Nuts|Pine Nut","잣","pending","","","이 세부 대상의 주요 향기분자를 뒷받침하는 원문 연결이 아직 완료되지 않았습니다. 가공 상태·품종·제품 범위를 확인한 뒤 추가합니다."
"Nutty/Cocoa|Tree Nuts|Pili Nut","필리넛","pending","","","이 세부 대상의 주요 향기분자를 뒷받침하는 원문 연결이 아직 완료되지 않았습니다. 가공 상태·품종·제품 범위를 확인한 뒤 추가합니다."
"Nutty/Cocoa|Other Nuts|Peanut","땅콩","pending","","","이 세부 대상의 주요 향기분자를 뒷받침하는 원문 연결이 아직 완료되지 않았습니다. 가공 상태·품종·제품 범위를 확인한 뒤 추가합니다."
"Nutty/Cocoa|Other Nuts|Roasted Peanut","구운땅콩","pending","","","이 세부 대상의 주요 향기분자를 뒷받침하는 원문 연결이 아직 완료되지 않았습니다. 가공 상태·품종·제품 범위를 확인한 뒤 추가합니다."
"Nutty/Cocoa|Other Nuts|Coconut","코코넛","pending","","","이 세부 대상의 주요 향기분자를 뒷받침하는 원문 연결이 아직 완료되지 않았습니다. 가공 상태·품종·제품 범위를 확인한 뒤 추가합니다."
"Nutty/Cocoa|Cocoa|Dark Chocolate","다크초콜릿","pending","","","이 세부 대상의 주요 향기분자를 뒷받침하는 원문 연결이 아직 완료되지 않았습니다. 가공 상태·품종·제품 범위를 확인한 뒤 추가합니다."
"Nutty/Cocoa|Cocoa|70% Dark Chocolate","70% 다크초콜릿","pending","","","이 세부 대상의 주요 향기분자를 뒷받침하는 원문 연결이 아직 완료되지 않았습니다. 가공 상태·품종·제품 범위를 확인한 뒤 추가합니다."
"Nutty/Cocoa|Cocoa|85% Dark Chocolate","85% 다크초콜릿","pending","","","이 세부 대상의 주요 향기분자를 뒷받침하는 원문 연결이 아직 완료되지 않았습니다. 가공 상태·품종·제품 범위를 확인한 뒤 추가합니다."
"Nutty/Cocoa|Cocoa|Cocoa","코코아","pending","","","이 세부 대상의 주요 향기분자를 뒷받침하는 원문 연결이 아직 완료되지 않았습니다. 가공 상태·품종·제품 범위를 확인한 뒤 추가합니다."
"Nutty/Cocoa|Cocoa|Raw Cocoa","로우 코코아","pending","","","이 세부 대상의 주요 향기분자를 뒷받침하는 원문 연결이 아직 완료되지 않았습니다. 가공 상태·품종·제품 범위를 확인한 뒤 추가합니다."
"Nutty/Cocoa|Cocoa|Milk Chocolate","밀크초콜릿","pending","","","이 세부 대상의 주요 향기분자를 뒷받침하는 원문 연결이 아직 완료되지 않았습니다. 가공 상태·품종·제품 범위를 확인한 뒤 추가합니다."
"Nutty/Cocoa|Cocoa|Bittersweet Chocolate","쌉싸름한 초콜릿","pending","","","이 세부 대상의 주요 향기분자를 뒷받침하는 원문 연결이 아직 완료되지 않았습니다. 가공 상태·품종·제품 범위를 확인한 뒤 추가합니다."
"Nutty/Cocoa|Cocoa|White Chocolate","화이트 초콜릿","pending","","","이 세부 대상의 주요 향기분자를 뒷받침하는 원문 연결이 아직 완료되지 않았습니다. 가공 상태·품종·제품 범위를 확인한 뒤 추가합니다."
"Nutty/Cocoa|Cocoa|Mocha","모카","pending","","","이 세부 대상의 주요 향기분자를 뒷받침하는 원문 연결이 아직 완료되지 않았습니다. 가공 상태·품종·제품 범위를 확인한 뒤 추가합니다."
"Nutty/Cocoa|Cocoa|Cacao Nibs","카카오닙스","pending","","","이 세부 대상의 주요 향기분자를 뒷받침하는 원문 연결이 아직 완료되지 않았습니다. 가공 상태·품종·제품 범위를 확인한 뒤 추가합니다."
"Nutty/Cocoa|Cocoa|Cocoa Butter","코코아 버터","pending","","","이 세부 대상의 주요 향기분자를 뒷받침하는 원문 연결이 아직 완료되지 않았습니다. 가공 상태·품종·제품 범위를 확인한 뒤 추가합니다."
"Nutty/Cocoa|Cocoa|Chocolate Liquor","초콜릿 리쿼","pending","","","이 세부 대상의 주요 향기분자를 뒷받침하는 원문 연결이 아직 완료되지 않았습니다. 가공 상태·품종·제품 범위를 확인한 뒤 추가합니다."
"Spices|Warm Spices|Cinnamon","시나몬","identified","trans-Cinnamaldehyde","https://doi.org/10.1016/j.foodres.2024.115446","식용유 추출물 연구 범위이며 모든 시나몬 제품의 조성 또는 함량 비율을 뜻하지 않습니다."
"Spices|Warm Spices|Ceylon Cinnamon","실론 시나몬","pending","","","이 세부 대상의 주요 향기분자를 뒷받침하는 원문 연결이 아직 완료되지 않았습니다. 가공 상태·품종·제품 범위를 확인한 뒤 추가합니다."
"Spices|Warm Spices|Cassia","카시아","pending","","","이 세부 대상의 주요 향기분자를 뒷받침하는 원문 연결이 아직 완료되지 않았습니다. 가공 상태·품종·제품 범위를 확인한 뒤 추가합니다."
"Spices|Warm Spices|Clove","정향","pending","","","이 세부 대상의 주요 향기분자를 뒷받침하는 원문 연결이 아직 완료되지 않았습니다. 가공 상태·품종·제품 범위를 확인한 뒤 추가합니다."
"Spices|Warm Spices|Cardamom","카다몬","pending","","","이 세부 대상의 주요 향기분자를 뒷받침하는 원문 연결이 아직 완료되지 않았습니다. 가공 상태·품종·제품 범위를 확인한 뒤 추가합니다."
"Spices|Warm Spices|Green Cardamom","그린 카다몬","pending","","","이 세부 대상의 주요 향기분자를 뒷받침하는 원문 연결이 아직 완료되지 않았습니다. 가공 상태·품종·제품 범위를 확인한 뒤 추가합니다."
"Spices|Warm Spices|Black Cardamom","블랙 카다몬","pending","","","이 세부 대상의 주요 향기분자를 뒷받침하는 원문 연결이 아직 완료되지 않았습니다. 가공 상태·품종·제품 범위를 확인한 뒤 추가합니다."
"Spices|Warm Spices|Allspice","올스파이스","pending","","","이 세부 대상의 주요 향기분자를 뒷받침하는 원문 연결이 아직 완료되지 않았습니다. 가공 상태·품종·제품 범위를 확인한 뒤 추가합니다."
"Spices|Warm Spices|Nutmeg","육두구","pending","","","이 세부 대상의 주요 향기분자를 뒷받침하는 원문 연결이 아직 완료되지 않았습니다. 가공 상태·품종·제품 범위를 확인한 뒤 추가합니다."
"Spices|Warm Spices|Mace","메이스","pending","","","이 세부 대상의 주요 향기분자를 뒷받침하는 원문 연결이 아직 완료되지 않았습니다. 가공 상태·품종·제품 범위를 확인한 뒤 추가합니다."
"Spices|Hot Spices|Black Pepper","흑후추","pending","","","이 세부 대상의 주요 향기분자를 뒷받침하는 원문 연결이 아직 완료되지 않았습니다. 가공 상태·품종·제품 범위를 확인한 뒤 추가합니다."
"Spices|Hot Spices|White Pepper","백후추","pending","","","이 세부 대상의 주요 향기분자를 뒷받침하는 원문 연결이 아직 완료되지 않았습니다. 가공 상태·품종·제품 범위를 확인한 뒤 추가합니다."
"Spices|Hot Spices|Pink Pepper","핑크페퍼","pending","","","이 세부 대상의 주요 향기분자를 뒷받침하는 원문 연결이 아직 완료되지 않았습니다. 가공 상태·품종·제품 범위를 확인한 뒤 추가합니다."
"Spices|Hot Spices|Cayenne","카이엔 페퍼","pending","","","이 세부 대상의 주요 향기분자를 뒷받침하는 원문 연결이 아직 완료되지 않았습니다. 가공 상태·품종·제품 범위를 확인한 뒤 추가합니다."
"Spices|Hot Spices|Chili","칠리","pending","","","이 세부 대상의 주요 향기분자를 뒷받침하는 원문 연결이 아직 완료되지 않았습니다. 가공 상태·품종·제품 범위를 확인한 뒤 추가합니다."
"Spices|Aromatic Spices|Ginger","생강","pending","","","이 세부 대상의 주요 향기분자를 뒷받침하는 원문 연결이 아직 완료되지 않았습니다. 가공 상태·품종·제품 범위를 확인한 뒤 추가합니다."
"Spices|Aromatic Spices|Fresh Ginger","신선한 생강","pending","","","이 세부 대상의 주요 향기분자를 뒷받침하는 원문 연결이 아직 완료되지 않았습니다. 가공 상태·품종·제품 범위를 확인한 뒤 추가합니다."
"Spices|Aromatic Spices|Dried Ginger","말린 생강","pending","","","이 세부 대상의 주요 향기분자를 뒷받침하는 원문 연결이 아직 완료되지 않았습니다. 가공 상태·품종·제품 범위를 확인한 뒤 추가합니다."
"Spices|Aromatic Spices|Star Anise","팔각","pending","","","이 세부 대상의 주요 향기분자를 뒷받침하는 원문 연결이 아직 완료되지 않았습니다. 가공 상태·품종·제품 범위를 확인한 뒤 추가합니다."
"Spices|Aromatic Spices|Anise","아니스","pending","","","이 세부 대상의 주요 향기분자를 뒷받침하는 원문 연결이 아직 완료되지 않았습니다. 가공 상태·품종·제품 범위를 확인한 뒤 추가합니다."
"Spices|Aromatic Spices|Fennel","회향","pending","","","이 세부 대상의 주요 향기분자를 뒷받침하는 원문 연결이 아직 완료되지 않았습니다. 가공 상태·품종·제품 범위를 확인한 뒤 추가합니다."
"Spices|Aromatic Spices|Licorice","감초","pending","","","이 세부 대상의 주요 향기분자를 뒷받침하는 원문 연결이 아직 완료되지 않았습니다. 가공 상태·품종·제품 범위를 확인한 뒤 추가합니다."
"Spices|Aromatic Spices|Cumin","쿠민","pending","","","이 세부 대상의 주요 향기분자를 뒷받침하는 원문 연결이 아직 완료되지 않았습니다. 가공 상태·품종·제품 범위를 확인한 뒤 추가합니다."
"Spices|Aromatic Spices|Coriander","고수","pending","","","이 세부 대상의 주요 향기분자를 뒷받침하는 원문 연결이 아직 완료되지 않았습니다. 가공 상태·품종·제품 범위를 확인한 뒤 추가합니다."
"Spices|Aromatic Spices|Coriander Seed","코리앤더 씨앗","pending","","","이 세부 대상의 주요 향기분자를 뒷받침하는 원문 연결이 아직 완료되지 않았습니다. 가공 상태·품종·제품 범위를 확인한 뒤 추가합니다."
"Spices|Aromatic Spices|Turmeric","강황","pending","","","이 세부 대상의 주요 향기분자를 뒷받침하는 원문 연결이 아직 완료되지 않았습니다. 가공 상태·품종·제품 범위를 확인한 뒤 추가합니다."
"Spices|Aromatic Spices|Saffron","사프란","pending","","","이 세부 대상의 주요 향기분자를 뒷받침하는 원문 연결이 아직 완료되지 않았습니다. 가공 상태·품종·제품 범위를 확인한 뒤 추가합니다."
"Spices|Aromatic Spices|Juniper Berries","주니퍼베리","pending","","","이 세부 대상의 주요 향기분자를 뒷받침하는 원문 연결이 아직 완료되지 않았습니다. 가공 상태·품종·제품 범위를 확인한 뒤 추가합니다."
"Spices|Aromatic Spices|Fenugreek","페뉴그릭","pending","","","이 세부 대상의 주요 향기분자를 뒷받침하는 원문 연결이 아직 완료되지 않았습니다. 가공 상태·품종·제품 범위를 확인한 뒤 추가합니다."
"Spices|Aromatic Spices|Galangal","갈랑갈","pending","","","이 세부 대상의 주요 향기분자를 뒷받침하는 원문 연결이 아직 완료되지 않았습니다. 가공 상태·품종·제품 범위를 확인한 뒤 추가합니다."
"Spices|Hot Spices|Sichuan Pepper","화자오","pending","","","이 세부 대상의 주요 향기분자를 뒷받침하는 원문 연결이 아직 완료되지 않았습니다. 가공 상태·품종·제품 범위를 확인한 뒤 추가합니다."
"Tea|Black Tea|Earl Grey","얼그레이","pending","","","이 세부 대상의 주요 향기분자를 뒷받침하는 원문 연결이 아직 완료되지 않았습니다. 가공 상태·품종·제품 범위를 확인한 뒤 추가합니다."
"Tea|Black Tea|English Breakfast","잉글리시 브렉퍼스트","pending","","","이 세부 대상의 주요 향기분자를 뒷받침하는 원문 연결이 아직 완료되지 않았습니다. 가공 상태·품종·제품 범위를 확인한 뒤 추가합니다."
"Tea|Black Tea|Darjeeling","다즐링","pending","","","이 세부 대상의 주요 향기분자를 뒷받침하는 원문 연결이 아직 완료되지 않았습니다. 가공 상태·품종·제품 범위를 확인한 뒤 추가합니다."
"Tea|Black Tea|Assam","아삼","pending","","","이 세부 대상의 주요 향기분자를 뒷받침하는 원문 연결이 아직 완료되지 않았습니다. 가공 상태·품종·제품 범위를 확인한 뒤 추가합니다."
"Tea|Black Tea|Ceylon","실론","pending","","","이 세부 대상의 주요 향기분자를 뒷받침하는 원문 연결이 아직 완료되지 않았습니다. 가공 상태·품종·제품 범위를 확인한 뒤 추가합니다."
"Tea|Black Tea|Keemun","기문","pending","","","이 세부 대상의 주요 향기분자를 뒷받침하는 원문 연결이 아직 완료되지 않았습니다. 가공 상태·품종·제품 범위를 확인한 뒤 추가합니다."
"Tea|Black Tea|Lapsang Souchong","라프상 소우총","pending","","","이 세부 대상의 주요 향기분자를 뒷받침하는 원문 연결이 아직 완료되지 않았습니다. 가공 상태·품종·제품 범위를 확인한 뒤 추가합니다."
"Tea|Black Tea|Masala Chai","마살라차이","pending","","","이 세부 대상의 주요 향기분자를 뒷받침하는 원문 연결이 아직 완료되지 않았습니다. 가공 상태·품종·제품 범위를 확인한 뒤 추가합니다."
"Tea|Green Tea|Matcha","말차","pending","","","이 세부 대상의 주요 향기분자를 뒷받침하는 원문 연결이 아직 완료되지 않았습니다. 가공 상태·품종·제품 범위를 확인한 뒤 추가합니다."
"Tea|Green Tea|Sencha","센차","pending","","","이 세부 대상의 주요 향기분자를 뒷받침하는 원문 연결이 아직 완료되지 않았습니다. 가공 상태·품종·제품 범위를 확인한 뒤 추가합니다."
"Tea|Green Tea|Gyokuro","교쿠로","pending","","","이 세부 대상의 주요 향기분자를 뒷받침하는 원문 연결이 아직 완료되지 않았습니다. 가공 상태·품종·제품 범위를 확인한 뒤 추가합니다."
"Tea|Green Tea|Longjing","룽징","pending","","","이 세부 대상의 주요 향기분자를 뒷받침하는 원문 연결이 아직 완료되지 않았습니다. 가공 상태·품종·제품 범위를 확인한 뒤 추가합니다."
"Tea|Green Tea|Jasmine Green Tea","자스민 녹차","pending","","","이 세부 대상의 주요 향기분자를 뒷받침하는 원문 연결이 아직 완료되지 않았습니다. 가공 상태·품종·제품 범위를 확인한 뒤 추가합니다."
"Tea|Oolong|Oolong","우롱","pending","","","이 세부 대상의 주요 향기분자를 뒷받침하는 원문 연결이 아직 완료되지 않았습니다. 가공 상태·품종·제품 범위를 확인한 뒤 추가합니다."
"Tea|Oolong|Ti Kuan Yin","철관음","pending","","","이 세부 대상의 주요 향기분자를 뒷받침하는 원문 연결이 아직 완료되지 않았습니다. 가공 상태·품종·제품 범위를 확인한 뒤 추가합니다."
"Tea|Oolong|Da Hong Pao","대홍포","pending","","","이 세부 대상의 주요 향기분자를 뒷받침하는 원문 연결이 아직 완료되지 않았습니다. 가공 상태·품종·제품 범위를 확인한 뒤 추가합니다."
"Tea|Oolong|Milk Oolong","밀크우롱","pending","","","이 세부 대상의 주요 향기분자를 뒷받침하는 원문 연결이 아직 완료되지 않았습니다. 가공 상태·품종·제품 범위를 확인한 뒤 추가합니다."
"Tea|White Tea|Silver Needle","은침차","pending","","","이 세부 대상의 주요 향기분자를 뒷받침하는 원문 연결이 아직 완료되지 않았습니다. 가공 상태·품종·제품 범위를 확인한 뒤 추가합니다."
"Tea|White Tea|White Peony","백모단","pending","","","이 세부 대상의 주요 향기분자를 뒷받침하는 원문 연결이 아직 완료되지 않았습니다. 가공 상태·품종·제품 범위를 확인한 뒤 추가합니다."
"Tea|Herbal Tea|Chamomile","카모마일","pending","","","이 세부 대상의 주요 향기분자를 뒷받침하는 원문 연결이 아직 완료되지 않았습니다. 가공 상태·품종·제품 범위를 확인한 뒤 추가합니다."
"Tea|Herbal Tea|Peppermint","페퍼민트","pending","","","이 세부 대상의 주요 향기분자를 뒷받침하는 원문 연결이 아직 완료되지 않았습니다. 가공 상태·품종·제품 범위를 확인한 뒤 추가합니다."
"Tea|Herbal Tea|Rooibos","루이보스","pending","","","이 세부 대상의 주요 향기분자를 뒷받침하는 원문 연결이 아직 완료되지 않았습니다. 가공 상태·품종·제품 범위를 확인한 뒤 추가합니다."
"Tea|Herbal Tea|Hibiscus Tea","히비스커스차","pending","","","이 세부 대상의 주요 향기분자를 뒷받침하는 원문 연결이 아직 완료되지 않았습니다. 가공 상태·품종·제품 범위를 확인한 뒤 추가합니다."
"Tea|Herbal Tea|Lemongrass","레몬그라스","pending","","","이 세부 대상의 주요 향기분자를 뒷받침하는 원문 연결이 아직 완료되지 않았습니다. 가공 상태·품종·제품 범위를 확인한 뒤 추가합니다."
"Tea|Herbal Tea|Lemon Verbena","레몬버베나","pending","","","이 세부 대상의 주요 향기분자를 뒷받침하는 원문 연결이 아직 완료되지 않았습니다. 가공 상태·품종·제품 범위를 확인한 뒤 추가합니다."
"Tea|Herbal Tea|Chrysanthemum","국화차","pending","","","이 세부 대상의 주요 향기분자를 뒷받침하는 원문 연결이 아직 완료되지 않았습니다. 가공 상태·품종·제품 범위를 확인한 뒤 추가합니다."
"Tea|Herbal Tea|Mint Tea","민트차","pending","","","이 세부 대상의 주요 향기분자를 뒷받침하는 원문 연결이 아직 완료되지 않았습니다. 가공 상태·품종·제품 범위를 확인한 뒤 추가합니다."
"Tea|Puer|Aged Puer","숙성 보이차","pending","","","이 세부 대상의 주요 향기분자를 뒷받침하는 원문 연결이 아직 완료되지 않았습니다. 가공 상태·품종·제품 범위를 확인한 뒤 추가합니다."
"Tea|Puer|Raw Puer","생 보이차","pending","","","이 세부 대상의 주요 향기분자를 뒷받침하는 원문 연결이 아직 완료되지 않았습니다. 가공 상태·품종·제품 범위를 확인한 뒤 추가합니다."
"Tea|Puer|Ripe Puer","숙 보이차","pending","","","이 세부 대상의 주요 향기분자를 뒷받침하는 원문 연결이 아직 완료되지 않았습니다. 가공 상태·품종·제품 범위를 확인한 뒤 추가합니다."
"Cereal/Grain|Malted|Malt","맥아","pending","","","이 세부 대상의 주요 향기분자를 뒷받침하는 원문 연결이 아직 완료되지 않았습니다. 가공 상태·품종·제품 범위를 확인한 뒤 추가합니다."
"Cereal/Grain|Malted|Barley Malt","보리맥아","pending","","","이 세부 대상의 주요 향기분자를 뒷받침하는 원문 연결이 아직 완료되지 않았습니다. 가공 상태·품종·제품 범위를 확인한 뒤 추가합니다."
"Cereal/Grain|Malted|Wheat Malt","밀맥아","pending","","","이 세부 대상의 주요 향기분자를 뒷받침하는 원문 연결이 아직 완료되지 않았습니다. 가공 상태·품종·제품 범위를 확인한 뒤 추가합니다."
"Cereal/Grain|Baked|Toast","토스트","pending","","","이 세부 대상의 주요 향기분자를 뒷받침하는 원문 연결이 아직 완료되지 않았습니다. 가공 상태·품종·제품 범위를 확인한 뒤 추가합니다."
"Cereal/Grain|Baked|Whole Wheat Toast","통밀토스트","pending","","","이 세부 대상의 주요 향기분자를 뒷받침하는 원문 연결이 아직 완료되지 않았습니다. 가공 상태·품종·제품 범위를 확인한 뒤 추가합니다."
"Cereal/Grain|Baked|Sourdough","사워도우","pending","","","이 세부 대상의 주요 향기분자를 뒷받침하는 원문 연결이 아직 완료되지 않았습니다. 가공 상태·품종·제품 범위를 확인한 뒤 추가합니다."
"Cereal/Grain|Baked|Brioche","브리오슈","pending","","","이 세부 대상의 주요 향기분자를 뒷받침하는 원문 연결이 아직 완료되지 않았습니다. 가공 상태·품종·제품 범위를 확인한 뒤 추가합니다."
"Cereal/Grain|Baked|Biscuit","비스킷","pending","","","이 세부 대상의 주요 향기분자를 뒷받침하는 원문 연결이 아직 완료되지 않았습니다. 가공 상태·품종·제품 범위를 확인한 뒤 추가합니다."
"Cereal/Grain|Baked|Graham Cracker","그레이엄 크래커","pending","","","이 세부 대상의 주요 향기분자를 뒷받침하는 원문 연결이 아직 완료되지 않았습니다. 가공 상태·품종·제품 범위를 확인한 뒤 추가합니다."
"Cereal/Grain|Raw Grains|Barley","보리","pending","","","이 세부 대상의 주요 향기분자를 뒷받침하는 원문 연결이 아직 완료되지 않았습니다. 가공 상태·품종·제품 범위를 확인한 뒤 추가합니다."
"Cereal/Grain|Raw Grains|Oats","귀리","pending","","","이 세부 대상의 주요 향기분자를 뒷받침하는 원문 연결이 아직 완료되지 않았습니다. 가공 상태·품종·제품 범위를 확인한 뒤 추가합니다."
"Cereal/Grain|Raw Grains|Steel Cut Oats","스틸컷 오트","pending","","","이 세부 대상의 주요 향기분자를 뒷받침하는 원문 연결이 아직 완료되지 않았습니다. 가공 상태·품종·제품 범위를 확인한 뒤 추가합니다."
"Cereal/Grain|Raw Grains|Rice","쌀","pending","","","이 세부 대상의 주요 향기분자를 뒷받침하는 원문 연결이 아직 완료되지 않았습니다. 가공 상태·품종·제품 범위를 확인한 뒤 추가합니다."
"Cereal/Grain|Raw Grains|Brown Rice","현미","pending","","","이 세부 대상의 주요 향기분자를 뒷받침하는 원문 연결이 아직 완료되지 않았습니다. 가공 상태·품종·제품 범위를 확인한 뒤 추가합니다."
"Cereal/Grain|Raw Grains|Wheat","밀","pending","","","이 세부 대상의 주요 향기분자를 뒷받침하는 원문 연결이 아직 완료되지 않았습니다. 가공 상태·품종·제품 범위를 확인한 뒤 추가합니다."
"Cereal/Grain|Raw Grains|Whole Wheat","통밀","pending","","","이 세부 대상의 주요 향기분자를 뒷받침하는 원문 연결이 아직 완료되지 않았습니다. 가공 상태·품종·제품 범위를 확인한 뒤 추가합니다."
"Cereal/Grain|Raw Grains|Corn","옥수수","pending","","","이 세부 대상의 주요 향기분자를 뒷받침하는 원문 연결이 아직 완료되지 않았습니다. 가공 상태·품종·제품 범위를 확인한 뒤 추가합니다."
"Cereal/Grain|Raw Grains|Rye","호밀","pending","","","이 세부 대상의 주요 향기분자를 뒷받침하는 원문 연결이 아직 완료되지 않았습니다. 가공 상태·품종·제품 범위를 확인한 뒤 추가합니다."
"Cereal/Grain|Raw Grains|Buckwheat","메밀","pending","","","이 세부 대상의 주요 향기분자를 뒷받침하는 원문 연결이 아직 완료되지 않았습니다. 가공 상태·품종·제품 범위를 확인한 뒤 추가합니다."
"Cereal/Grain|Raw Grains|Quinoa","퀴노아","pending","","","이 세부 대상의 주요 향기분자를 뒷받침하는 원문 연결이 아직 완료되지 않았습니다. 가공 상태·품종·제품 범위를 확인한 뒤 추가합니다."
"Cereal/Grain|Raw Grains|Millet","기장","pending","","","이 세부 대상의 주요 향기분자를 뒷받침하는 원문 연결이 아직 완료되지 않았습니다. 가공 상태·품종·제품 범위를 확인한 뒤 추가합니다."
"Cereal/Grain|Processed|Granola","그래놀라","pending","","","이 세부 대상의 주요 향기분자를 뒷받침하는 원문 연결이 아직 완료되지 않았습니다. 가공 상태·품종·제품 범위를 확인한 뒤 추가합니다."
"Cereal/Grain|Processed|Cheerios","시리오스","pending","","","이 세부 대상의 주요 향기분자를 뒷받침하는 원문 연결이 아직 완료되지 않았습니다. 가공 상태·품종·제품 범위를 확인한 뒤 추가합니다."
"Cereal/Grain|Processed|Cornflakes","콘플레이크","pending","","","이 세부 대상의 주요 향기분자를 뒷받침하는 원문 연결이 아직 완료되지 않았습니다. 가공 상태·품종·제품 범위를 확인한 뒤 추가합니다."
"Cereal/Grain|Processed|Amaranth","아마란스","pending","","","이 세부 대상의 주요 향기분자를 뒷받침하는 원문 연결이 아직 완료되지 않았습니다. 가공 상태·품종·제품 범위를 확인한 뒤 추가합니다."
"Roasted|Light Roast|Cinnamon Roast","시나몬 로스트","pending","","","이 세부 대상의 주요 향기분자를 뒷받침하는 원문 연결이 아직 완료되지 않았습니다. 가공 상태·품종·제품 범위를 확인한 뒤 추가합니다."
"Roasted|Light Roast|New England Roast","뉴잉글랜드 로스트","pending","","","이 세부 대상의 주요 향기분자를 뒷받침하는 원문 연결이 아직 완료되지 않았습니다. 가공 상태·품종·제품 범위를 확인한 뒤 추가합니다."
"Roasted|Light Roast|Tea-like","차와 유사한","pending","","","이 세부 대상의 주요 향기분자를 뒷받침하는 원문 연결이 아직 완료되지 않았습니다. 가공 상태·품종·제품 범위를 확인한 뒤 추가합니다."
"Roasted|Light Roast|Scandinavian Roast","스칸디나비아 로스트","pending","","","이 세부 대상의 주요 향기분자를 뒷받침하는 원문 연결이 아직 완료되지 않았습니다. 가공 상태·품종·제품 범위를 확인한 뒤 추가합니다."
"Roasted|Light Roast|Herbal","허브향","pending","","","이 세부 대상의 주요 향기분자를 뒷받침하는 원문 연결이 아직 완료되지 않았습니다. 가공 상태·품종·제품 범위를 확인한 뒤 추가합니다."
"Roasted|Medium Roast|American Roast","아메리칸 로스트","pending","","","이 세부 대상의 주요 향기분자를 뒷받침하는 원문 연결이 아직 완료되지 않았습니다. 가공 상태·품종·제품 범위를 확인한 뒤 추가합니다."
"Roasted|Medium Roast|City Roast","시티 로스트","pending","","","이 세부 대상의 주요 향기분자를 뒷받침하는 원문 연결이 아직 완료되지 않았습니다. 가공 상태·품종·제품 범위를 확인한 뒤 추가합니다."
"Roasted|Medium Roast|Full City","풀 시티","pending","","","이 세부 대상의 주요 향기분자를 뒷받침하는 원문 연결이 아직 완료되지 않았습니다. 가공 상태·품종·제품 범위를 확인한 뒤 추가합니다."
"Roasted|Medium Roast|Vienna Roast","비엔나 로스트","pending","","","이 세부 대상의 주요 향기분자를 뒷받침하는 원문 연결이 아직 완료되지 않았습니다. 가공 상태·품종·제품 범위를 확인한 뒤 추가합니다."
"Roasted|Medium Roast|Toasty","토스티","pending","","","이 세부 대상의 주요 향기분자를 뒷받침하는 원문 연결이 아직 완료되지 않았습니다. 가공 상태·품종·제품 범위를 확인한 뒤 추가합니다."
"Roasted|Medium Roast|Caramelized","캐러멜화","pending","","","이 세부 대상의 주요 향기분자를 뒷받침하는 원문 연결이 아직 완료되지 않았습니다. 가공 상태·품종·제품 범위를 확인한 뒤 추가합니다."
"Roasted|Medium Roast|Nutty","견과류","pending","","","이 세부 대상의 주요 향기분자를 뒷받침하는 원문 연결이 아직 완료되지 않았습니다. 가공 상태·품종·제품 범위를 확인한 뒤 추가합니다."
"Roasted|Dark Roast|French Roast","프렌치 로스트","pending","","","이 세부 대상의 주요 향기분자를 뒷받침하는 원문 연결이 아직 완료되지 않았습니다. 가공 상태·품종·제품 범위를 확인한 뒤 추가합니다."
"Roasted|Dark Roast|Italian Roast","이탈리안 로스트","pending","","","이 세부 대상의 주요 향기분자를 뒷받침하는 원문 연결이 아직 완료되지 않았습니다. 가공 상태·품종·제품 범위를 확인한 뒤 추가합니다."
"Roasted|Dark Roast|Spanish Roast","스패니시 로스트","pending","","","이 세부 대상의 주요 향기분자를 뒷받침하는 원문 연결이 아직 완료되지 않았습니다. 가공 상태·품종·제품 범위를 확인한 뒤 추가합니다."
"Roasted|Dark Roast|Continental Roast","컨티넨탈 로스트","pending","","","이 세부 대상의 주요 향기분자를 뒷받침하는 원문 연결이 아직 완료되지 않았습니다. 가공 상태·품종·제품 범위를 확인한 뒤 추가합니다."
"Roasted|Dark Roast|Burnt","탄 맛","pending","","","이 세부 대상의 주요 향기분자를 뒷받침하는 원문 연결이 아직 완료되지 않았습니다. 가공 상태·품종·제품 범위를 확인한 뒤 추가합니다."
"Roasted|Dark Roast|Charred","숯불향","pending","","","이 세부 대상의 주요 향기분자를 뒷받침하는 원문 연결이 아직 완료되지 않았습니다. 가공 상태·품종·제품 범위를 확인한 뒤 추가합니다."
"Roasted|Dark Roast|Ashy","재 맛","pending","","","이 세부 대상의 주요 향기분자를 뒷받침하는 원문 연결이 아직 완료되지 않았습니다. 가공 상태·품종·제품 범위를 확인한 뒤 추가합니다."
"Roasted|Dark Roast|Tobacco","담배향","pending","","","이 세부 대상의 주요 향기분자를 뒷받침하는 원문 연결이 아직 완료되지 않았습니다. 가공 상태·품종·제품 범위를 확인한 뒤 추가합니다."
"Roasted|Dark Roast|Dark Chocolate","다크 초콜릿","pending","","","이 세부 대상의 주요 향기분자를 뒷받침하는 원문 연결이 아직 완료되지 않았습니다. 가공 상태·품종·제품 범위를 확인한 뒤 추가합니다."
"Roasted|Smoky|Smoky","훈연향","pending","","","이 세부 대상의 주요 향기분자를 뒷받침하는 원문 연결이 아직 완료되지 않았습니다. 가공 상태·품종·제품 범위를 확인한 뒤 추가합니다."
"Roasted|Smoky|Wood Smoke","나무연기","pending","","","이 세부 대상의 주요 향기분자를 뒷받침하는 원문 연결이 아직 완료되지 않았습니다. 가공 상태·품종·제품 범위를 확인한 뒤 추가합니다."
"Roasted|Smoky|Barbecue","바비큐","pending","","","이 세부 대상의 주요 향기분자를 뒷받침하는 원문 연결이 아직 완료되지 않았습니다. 가공 상태·품종·제품 범위를 확인한 뒤 추가합니다."
"Green/Vegetative|Fresh Green|Under-ripe","덜 익은 맛","pending","","","이 세부 대상의 주요 향기분자를 뒷받침하는 원문 연결이 아직 완료되지 않았습니다. 가공 상태·품종·제품 범위를 확인한 뒤 추가합니다."
"Green/Vegetative|Fresh Green|Grass","풀","pending","","","이 세부 대상의 주요 향기분자를 뒷받침하는 원문 연결이 아직 완료되지 않았습니다. 가공 상태·품종·제품 범위를 확인한 뒤 추가합니다."
"Green/Vegetative|Fresh Green|Fresh Cut Grass","갓 깎은 풀","pending","","","이 세부 대상의 주요 향기분자를 뒷받침하는 원문 연결이 아직 완료되지 않았습니다. 가공 상태·품종·제품 범위를 확인한 뒤 추가합니다."
"Green/Vegetative|Fresh Green|Green Bell Pepper","피망","pending","","","이 세부 대상의 주요 향기분자를 뒷받침하는 원문 연결이 아직 완료되지 않았습니다. 가공 상태·품종·제품 범위를 확인한 뒤 추가합니다."
"Green/Vegetative|Fresh Green|Cucumber","오이","pending","","","이 세부 대상의 주요 향기분자를 뒷받침하는 원문 연결이 아직 완료되지 않았습니다. 가공 상태·품종·제품 범위를 확인한 뒤 추가합니다."
"Green/Vegetative|Fresh Green|Green Apple","청사과","pending","","","이 세부 대상의 주요 향기분자를 뒷받침하는 원문 연결이 아직 완료되지 않았습니다. 가공 상태·품종·제품 범위를 확인한 뒤 추가합니다."
"Green/Vegetative|Fresh Green|Green Beans","껍질콩","pending","","","이 세부 대상의 주요 향기분자를 뒷받침하는 원문 연결이 아직 완료되지 않았습니다. 가공 상태·품종·제품 범위를 확인한 뒤 추가합니다."
"Green/Vegetative|Fresh Green|Peapod","완두콩 꼬투리","pending","","","이 세부 대상의 주요 향기분자를 뒷받침하는 원문 연결이 아직 완료되지 않았습니다. 가공 상태·품종·제품 범위를 확인한 뒤 추가합니다."
"Green/Vegetative|Fresh Green|Fresh","신선한","pending","","","이 세부 대상의 주요 향기분자를 뒷받침하는 원문 연결이 아직 완료되지 않았습니다. 가공 상태·품종·제품 범위를 확인한 뒤 추가합니다."
"Green/Vegetative|Herbaceous|Mint","민트","pending","","","이 세부 대상의 주요 향기분자를 뒷받침하는 원문 연결이 아직 완료되지 않았습니다. 가공 상태·품종·제품 범위를 확인한 뒤 추가합니다."
"Green/Vegetative|Herbaceous|Spearmint","스피어민트","pending","","","이 세부 대상의 주요 향기분자를 뒷받침하는 원문 연결이 아직 완료되지 않았습니다. 가공 상태·품종·제품 범위를 확인한 뒤 추가합니다."
"Green/Vegetative|Herbaceous|Peppermint","페퍼민트","pending","","","이 세부 대상의 주요 향기분자를 뒷받침하는 원문 연결이 아직 완료되지 않았습니다. 가공 상태·품종·제품 범위를 확인한 뒤 추가합니다."
"Green/Vegetative|Herbaceous|Basil","바질","pending","","","이 세부 대상의 주요 향기분자를 뒷받침하는 원문 연결이 아직 완료되지 않았습니다. 가공 상태·품종·제품 범위를 확인한 뒤 추가합니다."
"Green/Vegetative|Herbaceous|Sweet Basil","스위트 바질","pending","","","이 세부 대상의 주요 향기분자를 뒷받침하는 원문 연결이 아직 완료되지 않았습니다. 가공 상태·품종·제품 범위를 확인한 뒤 추가합니다."
"Green/Vegetative|Herbaceous|Thai Basil","타이 바질","pending","","","이 세부 대상의 주요 향기분자를 뒷받침하는 원문 연결이 아직 완료되지 않았습니다. 가공 상태·품종·제품 범위를 확인한 뒤 추가합니다."
"Green/Vegetative|Herbaceous|Sage","세이지","pending","","","이 세부 대상의 주요 향기분자를 뒷받침하는 원문 연결이 아직 완료되지 않았습니다. 가공 상태·품종·제품 범위를 확인한 뒤 추가합니다."
"Green/Vegetative|Herbaceous|Rosemary","로즈마리","pending","","","이 세부 대상의 주요 향기분자를 뒷받침하는 원문 연결이 아직 완료되지 않았습니다. 가공 상태·품종·제품 범위를 확인한 뒤 추가합니다."
"Green/Vegetative|Herbaceous|Thyme","타임","pending","","","이 세부 대상의 주요 향기분자를 뒷받침하는 원문 연결이 아직 완료되지 않았습니다. 가공 상태·품종·제품 범위를 확인한 뒤 추가합니다."
"Green/Vegetative|Herbaceous|Oregano","오레가노","pending","","","이 세부 대상의 주요 향기분자를 뒷받침하는 원문 연결이 아직 완료되지 않았습니다. 가공 상태·품종·제품 범위를 확인한 뒤 추가합니다."
"Green/Vegetative|Herbaceous|Dill","딜","pending","","","이 세부 대상의 주요 향기분자를 뒷받침하는 원문 연결이 아직 완료되지 않았습니다. 가공 상태·품종·제품 범위를 확인한 뒤 추가합니다."
"Green/Vegetative|Herbaceous|Cilantro","실란트로","pending","","","이 세부 대상의 주요 향기분자를 뒷받침하는 원문 연결이 아직 완료되지 않았습니다. 가공 상태·품종·제품 범위를 확인한 뒤 추가합니다."
"Green/Vegetative|Herbaceous|Parsley","파슬리","pending","","","이 세부 대상의 주요 향기분자를 뒷받침하는 원문 연결이 아직 완료되지 않았습니다. 가공 상태·품종·제품 범위를 확인한 뒤 추가합니다."
"Green/Vegetative|Herbaceous|Tarragon","타라곤","pending","","","이 세부 대상의 주요 향기분자를 뒷받침하는 원문 연결이 아직 완료되지 않았습니다. 가공 상태·품종·제품 범위를 확인한 뒤 추가합니다."
"Green/Vegetative|Herbaceous|Bay Leaf","월계수잎","pending","","","이 세부 대상의 주요 향기분자를 뒷받침하는 원문 연결이 아직 완료되지 않았습니다. 가공 상태·품종·제품 범위를 확인한 뒤 추가합니다."
"Green/Vegetative|Vegetal|Olive","올리브","pending","","","이 세부 대상의 주요 향기분자를 뒷받침하는 원문 연결이 아직 완료되지 않았습니다. 가공 상태·품종·제품 범위를 확인한 뒤 추가합니다."
"Green/Vegetative|Vegetal|Green Olive","그린 올리브","pending","","","이 세부 대상의 주요 향기분자를 뒷받침하는 원문 연결이 아직 완료되지 않았습니다. 가공 상태·품종·제품 범위를 확인한 뒤 추가합니다."
"Green/Vegetative|Vegetal|Black Olive","블랙 올리브","pending","","","이 세부 대상의 주요 향기분자를 뒷받침하는 원문 연결이 아직 완료되지 않았습니다. 가공 상태·품종·제품 범위를 확인한 뒤 추가합니다."
"Green/Vegetative|Vegetal|Spinach","시금치","pending","","","이 세부 대상의 주요 향기분자를 뒷받침하는 원문 연결이 아직 완료되지 않았습니다. 가공 상태·품종·제품 범위를 확인한 뒤 추가합니다."
"Green/Vegetative|Vegetal|Artichoke","아티초크","pending","","","이 세부 대상의 주요 향기분자를 뒷받침하는 원문 연결이 아직 완료되지 않았습니다. 가공 상태·품종·제품 범위를 확인한 뒤 추가합니다."
"Green/Vegetative|Vegetal|Celery","셀러리","pending","","","이 세부 대상의 주요 향기분자를 뒷받침하는 원문 연결이 아직 완료되지 않았습니다. 가공 상태·품종·제품 범위를 확인한 뒤 추가합니다."
"Green/Vegetative|Vegetal|Brussels Sprout","방울양배추","pending","","","이 세부 대상의 주요 향기분자를 뒷받침하는 원문 연결이 아직 완료되지 않았습니다. 가공 상태·품종·제품 범위를 확인한 뒤 추가합니다."
"Green/Vegetative|Vegetal|Kale","케일","pending","","","이 세부 대상의 주요 향기분자를 뒷받침하는 원문 연결이 아직 완료되지 않았습니다. 가공 상태·품종·제품 범위를 확인한 뒤 추가합니다."
"Green/Vegetative|Vegetal|Wheatgrass","밀싹","pending","","","이 세부 대상의 주요 향기분자를 뒷받침하는 원문 연결이 아직 완료되지 않았습니다. 가공 상태·품종·제품 범위를 확인한 뒤 추가합니다."
"Green/Vegetative|Vegetal|Asparagus","아스파라거스","pending","","","이 세부 대상의 주요 향기분자를 뒷받침하는 원문 연결이 아직 완료되지 않았습니다. 가공 상태·품종·제품 범위를 확인한 뒤 추가합니다."
"Green/Vegetative|Vegetal|Broccoli","브로콜리","pending","","","이 세부 대상의 주요 향기분자를 뒷받침하는 원문 연결이 아직 완료되지 않았습니다. 가공 상태·품종·제품 범위를 확인한 뒤 추가합니다."
"Sour/Fermented|Clean Acidity|Citric Acid","시트르산","excluded","","","맛(산미)을 나타내는 항목으로, 이번 향기분자 사전의 적용 대상에서 제외합니다."
"Sour/Fermented|Clean Acidity|Malic Acid","말산","excluded","","","맛(산미)을 나타내는 항목으로, 이번 향기분자 사전의 적용 대상에서 제외합니다."
"Sour/Fermented|Clean Acidity|Tartaric Acid","타르타르산","excluded","","","맛(산미)을 나타내는 항목으로, 이번 향기분자 사전의 적용 대상에서 제외합니다."
"Sour/Fermented|Clean Acidity|Phosphoric Acid","인산","excluded","","","맛(산미)을 나타내는 항목으로, 이번 향기분자 사전의 적용 대상에서 제외합니다."
"Sour/Fermented|Clean Acidity|Lactic Acid","젖산","excluded","","","맛(산미)을 나타내는 항목으로, 이번 향기분자 사전의 적용 대상에서 제외합니다."
"Sour/Fermented|Sour|Acetic Acid","아세트산","pending","","","이 세부 대상의 주요 향기분자를 뒷받침하는 원문 연결이 아직 완료되지 않았습니다. 가공 상태·품종·제품 범위를 확인한 뒤 추가합니다."
"Sour/Fermented|Sour|Vinegar","식초","pending","","","이 세부 대상의 주요 향기분자를 뒷받침하는 원문 연결이 아직 완료되지 않았습니다. 가공 상태·품종·제품 범위를 확인한 뒤 추가합니다."
"Sour/Fermented|Sour|Apple Cider Vinegar","사과식초","pending","","","이 세부 대상의 주요 향기분자를 뒷받침하는 원문 연결이 아직 완료되지 않았습니다. 가공 상태·품종·제품 범위를 확인한 뒤 추가합니다."
"Sour/Fermented|Sour|Balsamic Vinegar","발사믹 식초","pending","","","이 세부 대상의 주요 향기분자를 뒷받침하는 원문 연결이 아직 완료되지 않았습니다. 가공 상태·품종·제품 범위를 확인한 뒤 추가합니다."
"Sour/Fermented|Fermented|Winey","와인 맛","pending","","","이 세부 대상의 주요 향기분자를 뒷받침하는 원문 연결이 아직 완료되지 않았습니다. 가공 상태·품종·제품 범위를 확인한 뒤 추가합니다."
"Sour/Fermented|Fermented|Red Wine","적포도주","pending","","","이 세부 대상의 주요 향기분자를 뒷받침하는 원문 연결이 아직 완료되지 않았습니다. 가공 상태·품종·제품 범위를 확인한 뒤 추가합니다."
"Sour/Fermented|Fermented|White Wine","백포도주","pending","","","이 세부 대상의 주요 향기분자를 뒷받침하는 원문 연결이 아직 완료되지 않았습니다. 가공 상태·품종·제품 범위를 확인한 뒤 추가합니다."
"Sour/Fermented|Fermented|Champagne","샴페인","pending","","","이 세부 대상의 주요 향기분자를 뒷받침하는 원문 연결이 아직 완료되지 않았습니다. 가공 상태·품종·제품 범위를 확인한 뒤 추가합니다."
"Sour/Fermented|Fermented|Overripe","과숙한","pending","","","이 세부 대상의 주요 향기분자를 뒷받침하는 원문 연결이 아직 완료되지 않았습니다. 가공 상태·품종·제품 범위를 확인한 뒤 추가합니다."
"Sour/Fermented|Fermented|Yogurt","요거트","pending","","","이 세부 대상의 주요 향기분자를 뒷받침하는 원문 연결이 아직 완료되지 않았습니다. 가공 상태·품종·제품 범위를 확인한 뒤 추가합니다."
"Sour/Fermented|Fermented|Greek Yogurt","그릭 요거트","pending","","","이 세부 대상의 주요 향기분자를 뒷받침하는 원문 연결이 아직 완료되지 않았습니다. 가공 상태·품종·제품 범위를 확인한 뒤 추가합니다."
"Sour/Fermented|Fermented|Kefir","케피어","pending","","","이 세부 대상의 주요 향기분자를 뒷받침하는 원문 연결이 아직 완료되지 않았습니다. 가공 상태·품종·제품 범위를 확인한 뒤 추가합니다."
"Sour/Fermented|Fermented|Sourdough","사워도우","pending","","","이 세부 대상의 주요 향기분자를 뒷받침하는 원문 연결이 아직 완료되지 않았습니다. 가공 상태·품종·제품 범위를 확인한 뒤 추가합니다."
"Sour/Fermented|Fermented|Kombucha","콤부차","pending","","","이 세부 대상의 주요 향기분자를 뒷받침하는 원문 연결이 아직 완료되지 않았습니다. 가공 상태·품종·제품 범위를 확인한 뒤 추가합니다."
"Sour/Fermented|Fermented|Kimchi","김치","pending","","","이 세부 대상의 주요 향기분자를 뒷받침하는 원문 연결이 아직 완료되지 않았습니다. 가공 상태·품종·제품 범위를 확인한 뒤 추가합니다."
"Sour/Fermented|Fermented|Sauerkraut","사우어크라우트","pending","","","이 세부 대상의 주요 향기분자를 뒷받침하는 원문 연결이 아직 완료되지 않았습니다. 가공 상태·품종·제품 범위를 확인한 뒤 추가합니다."
"Sour/Fermented|Fermented|Pickles","피클","pending","","","이 세부 대상의 주요 향기분자를 뒷받침하는 원문 연결이 아직 완료되지 않았습니다. 가공 상태·품종·제품 범위를 확인한 뒤 추가합니다."
"Sour/Fermented|Fermented|Miso","미소","pending","","","이 세부 대상의 주요 향기분자를 뒷받침하는 원문 연결이 아직 완료되지 않았습니다. 가공 상태·품종·제품 범위를 확인한 뒤 추가합니다."
"Sour/Fermented|Fermented|Sake","사케","pending","","","이 세부 대상의 주요 향기분자를 뒷받침하는 원문 연결이 아직 완료되지 않았습니다. 가공 상태·품종·제품 범위를 확인한 뒤 추가합니다."
"Sour/Fermented|Fermented|Beer","맥주","pending","","","이 세부 대상의 주요 향기분자를 뒷받침하는 원문 연결이 아직 완료되지 않았습니다. 가공 상태·품종·제품 범위를 확인한 뒤 추가합니다."
"Sour/Fermented|Aged/Funky|Musty","곰팡이 냄새","pending","","","이 세부 대상의 주요 향기분자를 뒷받침하는 원문 연결이 아직 완료되지 않았습니다. 가공 상태·품종·제품 범위를 확인한 뒤 추가합니다."
"Sour/Fermented|Aged/Funky|Earthy","흙냄새","pending","","","이 세부 대상의 주요 향기분자를 뒷받침하는 원문 연결이 아직 완료되지 않았습니다. 가공 상태·품종·제품 범위를 확인한 뒤 추가합니다."
"Sour/Fermented|Aged/Funky|Blue Cheese","블루치즈","pending","","","이 세부 대상의 주요 향기분자를 뒷받침하는 원문 연결이 아직 완료되지 않았습니다. 가공 상태·품종·제품 범위를 확인한 뒤 추가합니다."
"Sour/Fermented|Aged/Funky|Mildew","곰팡이","pending","","","이 세부 대상의 주요 향기분자를 뒷받침하는 원문 연결이 아직 완료되지 않았습니다. 가공 상태·품종·제품 범위를 확인한 뒤 추가합니다."
"Sour/Fermented|Aged/Funky|Barnyard","축사냄새","pending","","","이 세부 대상의 주요 향기분자를 뒷받침하는 원문 연결이 아직 완료되지 않았습니다. 가공 상태·품종·제품 범위를 확인한 뒤 추가합니다."
"Other|Defect|Baggy","포대냄새","pending","","","이 세부 대상의 주요 향기분자를 뒷받침하는 원문 연결이 아직 완료되지 않았습니다. 가공 상태·품종·제품 범위를 확인한 뒤 추가합니다."
"Other|Defect|Ferment","과발효","pending","","","이 세부 대상의 주요 향기분자를 뒷받침하는 원문 연결이 아직 완료되지 않았습니다. 가공 상태·품종·제품 범위를 확인한 뒤 추가합니다."
"Other|Defect|Phenol","페놀릭","pending","","","이 세부 대상의 주요 향기분자를 뒷받침하는 원문 연결이 아직 완료되지 않았습니다. 가공 상태·품종·제품 범위를 확인한 뒤 추가합니다."
"Other|Defect|Quaker","퀘이커","pending","","","이 세부 대상의 주요 향기분자를 뒷받침하는 원문 연결이 아직 완료되지 않았습니다. 가공 상태·품종·제품 범위를 확인한 뒤 추가합니다."
"Other|Defect|Potato","감자냄새","pending","","","이 세부 대상의 주요 향기분자를 뒷받침하는 원문 연결이 아직 완료되지 않았습니다. 가공 상태·품종·제품 범위를 확인한 뒤 추가합니다."
"Other|Defect|Rio","리오","pending","","","이 세부 대상의 주요 향기분자를 뒷받침하는 원문 연결이 아직 완료되지 않았습니다. 가공 상태·품종·제품 범위를 확인한 뒤 추가합니다."
"Other|Chemical|Chemical","화학적","pending","","","이 세부 대상의 주요 향기분자를 뒷받침하는 원문 연결이 아직 완료되지 않았습니다. 가공 상태·품종·제품 범위를 확인한 뒤 추가합니다."
"Other|Chemical|Medicinal","약품향","pending","","","이 세부 대상의 주요 향기분자를 뒷받침하는 원문 연결이 아직 완료되지 않았습니다. 가공 상태·품종·제품 범위를 확인한 뒤 추가합니다."
"Other|Chemical|Rubber","고무","pending","","","이 세부 대상의 주요 향기분자를 뒷받침하는 원문 연결이 아직 완료되지 않았습니다. 가공 상태·품종·제품 범위를 확인한 뒤 추가합니다."
"Other|Chemical|Petroleum","석유","pending","","","이 세부 대상의 주요 향기분자를 뒷받침하는 원문 연결이 아직 완료되지 않았습니다. 가공 상태·품종·제품 범위를 확인한 뒤 추가합니다."
"Other|Chemical|Plastic","플라스틱","pending","","","이 세부 대상의 주요 향기분자를 뒷받침하는 원문 연결이 아직 완료되지 않았습니다. 가공 상태·품종·제품 범위를 확인한 뒤 추가합니다."
"Other|Chemical|Tar","타르","pending","","","이 세부 대상의 주요 향기분자를 뒷받침하는 원문 연결이 아직 완료되지 않았습니다. 가공 상태·품종·제품 범위를 확인한 뒤 추가합니다."
"Other|Chemical|Solvent","용제","pending","","","이 세부 대상의 주요 향기분자를 뒷받침하는 원문 연결이 아직 완료되지 않았습니다. 가공 상태·품종·제품 범위를 확인한 뒤 추가합니다."
"Other|Earthy|Soil","흙","pending","","","이 세부 대상의 주요 향기분자를 뒷받침하는 원문 연결이 아직 완료되지 않았습니다. 가공 상태·품종·제품 범위를 확인한 뒤 추가합니다."
"Other|Earthy|Wet Earth","젖은 흙","pending","","","이 세부 대상의 주요 향기분자를 뒷받침하는 원문 연결이 아직 완료되지 않았습니다. 가공 상태·품종·제품 범위를 확인한 뒤 추가합니다."
"Other|Earthy|Dry Earth","마른 흙","pending","","","이 세부 대상의 주요 향기분자를 뒷받침하는 원문 연결이 아직 완료되지 않았습니다. 가공 상태·품종·제품 범위를 확인한 뒤 추가합니다."
"Other|Earthy|Mushroom","버섯","pending","","","이 세부 대상의 주요 향기분자를 뒷받침하는 원문 연결이 아직 완료되지 않았습니다. 가공 상태·품종·제품 범위를 확인한 뒤 추가합니다."
"Other|Earthy|Shiitake","표고버섯","pending","","","이 세부 대상의 주요 향기분자를 뒷받침하는 원문 연결이 아직 완료되지 않았습니다. 가공 상태·품종·제품 범위를 확인한 뒤 추가합니다."
"Other|Earthy|Porcini","포르치니","pending","","","이 세부 대상의 주요 향기분자를 뒷받침하는 원문 연결이 아직 완료되지 않았습니다. 가공 상태·품종·제품 범위를 확인한 뒤 추가합니다."
"Other|Earthy|Forest Floor","숲바닥","pending","","","이 세부 대상의 주요 향기분자를 뒷받침하는 원문 연결이 아직 완료되지 않았습니다. 가공 상태·품종·제품 범위를 확인한 뒤 추가합니다."
"Other|Earthy|Moss","이끼","pending","","","이 세부 대상의 주요 향기분자를 뒷받침하는 원문 연결이 아직 완료되지 않았습니다. 가공 상태·품종·제품 범위를 확인한 뒤 추가합니다."
"Other|Earthy|Truffle","트러플","pending","","","이 세부 대상의 주요 향기분자를 뒷받침하는 원문 연결이 아직 완료되지 않았습니다. 가공 상태·품종·제품 범위를 확인한 뒤 추가합니다."
"Other|Woody|Oak","오크","pending","","","이 세부 대상의 주요 향기분자를 뒷받침하는 원문 연결이 아직 완료되지 않았습니다. 가공 상태·품종·제품 범위를 확인한 뒤 추가합니다."
"Other|Woody|French Oak","프렌치 오크","pending","","","이 세부 대상의 주요 향기분자를 뒷받침하는 원문 연결이 아직 완료되지 않았습니다. 가공 상태·품종·제품 범위를 확인한 뒤 추가합니다."
"Other|Woody|American Oak","아메리칸 오크","pending","","","이 세부 대상의 주요 향기분자를 뒷받침하는 원문 연결이 아직 완료되지 않았습니다. 가공 상태·품종·제품 범위를 확인한 뒤 추가합니다."
"Other|Woody|Cedar","삼나무","pending","","","이 세부 대상의 주요 향기분자를 뒷받침하는 원문 연결이 아직 완료되지 않았습니다. 가공 상태·품종·제품 범위를 확인한 뒤 추가합니다."
"Other|Woody|Pine","소나무","pending","","","이 세부 대상의 주요 향기분자를 뒷받침하는 원문 연결이 아직 완료되지 않았습니다. 가공 상태·품종·제품 범위를 확인한 뒤 추가합니다."
"Other|Woody|Sandalwood","백단향","pending","","","이 세부 대상의 주요 향기분자를 뒷받침하는 원문 연결이 아직 완료되지 않았습니다. 가공 상태·품종·제품 범위를 확인한 뒤 추가합니다."
"Other|Woody|Maple","단풍나무","pending","","","이 세부 대상의 주요 향기분자를 뒷받침하는 원문 연결이 아직 완료되지 않았습니다. 가공 상태·품종·제품 범위를 확인한 뒤 추가합니다."
"Other|Woody|Bamboo","대나무","pending","","","이 세부 대상의 주요 향기분자를 뒷받침하는 원문 연결이 아직 완료되지 않았습니다. 가공 상태·품종·제품 범위를 확인한 뒤 추가합니다."
"Other|Woody|Cypress","사이프러스","pending","","","이 세부 대상의 주요 향기분자를 뒷받침하는 원문 연결이 아직 완료되지 않았습니다. 가공 상태·품종·제품 범위를 확인한 뒤 추가합니다."
"Other|Woody|Eucalyptus","유칼립투스","pending","","","이 세부 대상의 주요 향기분자를 뒷받침하는 원문 연결이 아직 완료되지 않았습니다. 가공 상태·품종·제품 범위를 확인한 뒤 추가합니다."
"Other|Woody|Teak","티크","pending","","","이 세부 대상의 주요 향기분자를 뒷받침하는 원문 연결이 아직 완료되지 않았습니다. 가공 상태·품종·제품 범위를 확인한 뒤 추가합니다."
"Other|Woody|Mahogany","마호가니","pending","","","이 세부 대상의 주요 향기분자를 뒷받침하는 원문 연결이 아직 완료되지 않았습니다. 가공 상태·품종·제품 범위를 확인한 뒤 추가합니다."
"Other|Woody|Birch","자작나무","pending","","","이 세부 대상의 주요 향기분자를 뒷받침하는 원문 연결이 아직 완료되지 않았습니다. 가공 상태·품종·제품 범위를 확인한 뒤 추가합니다."
"Other|Animal|Leather","가죽","pending","","","이 세부 대상의 주요 향기분자를 뒷받침하는 원문 연결이 아직 완료되지 않았습니다. 가공 상태·품종·제품 범위를 확인한 뒤 추가합니다."
"Other|Animal|Suede","스웨이드","pending","","","이 세부 대상의 주요 향기분자를 뒷받침하는 원문 연결이 아직 완료되지 않았습니다. 가공 상태·품종·제품 범위를 확인한 뒤 추가합니다."
"Other|Animal|Musk","사향","pending","","","이 세부 대상의 주요 향기분자를 뒷받침하는 원문 연결이 아직 완료되지 않았습니다. 가공 상태·품종·제품 범위를 확인한 뒤 추가합니다."
"Other|Animal|Honey Comb","벌집","pending","","","이 세부 대상의 주요 향기분자를 뒷받침하는 원문 연결이 아직 완료되지 않았습니다. 가공 상태·품종·제품 범위를 확인한 뒤 추가합니다."
"Other|Animal|Beeswax","밀랍","pending","","","이 세부 대상의 주요 향기분자를 뒷받침하는 원문 연결이 아직 완료되지 않았습니다. 가공 상태·품종·제품 범위를 확인한 뒤 추가합니다."
"Other|Mineral|Mineral","미네랄","pending","","","이 세부 대상의 주요 향기분자를 뒷받침하는 원문 연결이 아직 완료되지 않았습니다. 가공 상태·품종·제품 범위를 확인한 뒤 추가합니다."
"Other|Mineral|Wet Stone","젖은 돌","pending","","","이 세부 대상의 주요 향기분자를 뒷받침하는 원문 연결이 아직 완료되지 않았습니다. 가공 상태·품종·제품 범위를 확인한 뒤 추가합니다."
"Other|Mineral|Chalk","분필","pending","","","이 세부 대상의 주요 향기분자를 뒷받침하는 원문 연결이 아직 완료되지 않았습니다. 가공 상태·품종·제품 범위를 확인한 뒤 추가합니다."
"Other|Mineral|Limestone","석회암","pending","","","이 세부 대상의 주요 향기분자를 뒷받침하는 원문 연결이 아직 완료되지 않았습니다. 가공 상태·품종·제품 범위를 확인한 뒤 추가합니다."
"Other|Mineral|Salt","소금","pending","","","이 세부 대상의 주요 향기분자를 뒷받침하는 원문 연결이 아직 완료되지 않았습니다. 가공 상태·품종·제품 범위를 확인한 뒤 추가합니다."
"Other|Mineral|Sea Salt","바다소금","pending","","","이 세부 대상의 주요 향기분자를 뒷받침하는 원문 연결이 아직 완료되지 않았습니다. 가공 상태·품종·제품 범위를 확인한 뒤 추가합니다."
"Other|Mineral|Sulfur","황","pending","","","이 세부 대상의 주요 향기분자를 뒷받침하는 원문 연결이 아직 완료되지 않았습니다. 가공 상태·품종·제품 범위를 확인한 뒤 추가합니다."
